codigo,n
O800,550206
O809,526929
O829,451467
J189,369258
K358,369008
K802,361440
O820,356308
N390,200004
K409,184936
N10X,160942
U071,158050
K810,148189
D259,138703
N47X,123771
O021,123070
P599,122253
O342,119080
N40X,115203
K808,104047
J353,103131
J342,101164
Z511,101082
I219,100484
C509,96633
O821,95053
A099,94880
S828,90978
I509,88319
O244,87722
J209,86049
K800,85062
S720,83887
I500,82449
I678,81929
N189,81289
I839,77539
L031,76528
K922,76284
Z302,76030
K805,75294
S069,74998
I64X,74400
N201,74185
J159,71860
M233,70000
M512,68589
J449,67689
J129,63563
A090,61476
E668,60396
A419,60130
E145,59279
M169,57623
R104,57445
O470,56993
K859,56782
S626,56330
M751,56301
K429,55790
C169,55300
G409,55098
K801,54910
I200,54326
J121,54021
E669,53719
O069,53495
C910,53175
N200,52816
K439,52210
C73X,50322
C189,49437
J960,48703
P073,47421
C61X,47228
K37X,46948
Z411,46685
R509,46477
H269,44236
K353,43173
I802,42971
I251,42969
E115,42709
I639,41377
J459,41256
K566,41247
J219,40958
S832,40740
G560,39664
J448,39266
S525,39111
S628,39030
I269,38608
I10X,38458
T814,37120
N185,36906
J36X,36776
J210,36365
N179,36143
O601,36106
J441,35949
D649,35852
C859,35013
M179,34876
O600,34664
E881,34477
M545,33838
Z512,33595
K579,33430
O064,33274
N832,32975
T509,32643
N840,32492
C349,32349
C20X,32231
I489,32079
O998,32058
N62X,31497
M201,31454
O034,31361
N819,31091
J690,30936
I259,30576
J180,30331
J128,30223
O13X,30137
J352,30011
M511,29629
Z518,29627
O429,29504
O009,29326
K402,29049
J350,29015
M232,28792
R568,28755
O700,28728
F322,28657
C539,28636
K769,28377
E162,28287
S822,28216
S423,28154
S420,27906
P220,27898
K610,27839
K811,27809
O813,27211
O339,27040
I48X,26964
J351,26929
I442,26893
J90X,26449
N23X,26324
O365,26304
O828,26202
K851,25649
H259,25277
F329,25210
C56X,25205
C679,25171
K920,25078
O838,25070
I619,24964
S529,24911
O16X,24435
O479,24379
R55X,24287
K352,24190
J181,23919
J969,23777
N393,23737
S729,23393
I519,23175
G459,23071
S835,23007
J81X,22979
G473,22818
S520,22815
O230,22712
N800,22682
S022,22071
O471,21927
C64X,21800
Z470,21695
N850,21631
O039,21460
F209,21075
O269,21039
Z540,20848
C900,20673
Z038,20659
K529,20626
I861,20576
K830,20277
A080,20247
C629,20209
I868,20201
N751,20150
E660,20065
D291,19992
E149,19984
O321,19951
S860,19602
T009,19377
J841,19328
M544,19212
O996,19126
O200,19002
P704,18851
I829,18398
R51X,18385
J46X,18273
I635,18178
C23X,18161
I214,18121
O649,17992
K729,17903
S829,17863
O420,17680
O001,17597
J984,17556
D391,17548
S424,17526
D069,17328
J039,17308
H669,17293
F102,17016
S528,16920
D487,16863
I679,16851
I471,16839
L059,16801
O335,16746
J440,16684
O839,16676
E119,16425
E042,16271
M236,16249
I350,16113
P051,16096
R31X,15993
K831,15986
S821,15952
K649,15844
K469,15780
K709,15768
C541,15729
R560,15713
I771,15707
I671,15683
K573,15590
S623,15575
D27X,15524
N709,15486
O992,15427
G35X,15337
D410,15267
I210,14983
F319,14975
J069,14928
L039,14890
N921,14813
N813,14800
T07X,14758
I99X,14693
D70X,14691
O249,14601
S721,14553
S820,14547
K590,14475
C259,14432
N433,14420
K564,14372
Z762,14305
S065,14227
J205,14203
C920,13998
E101,13949
K519,13915
I609,13854
K819,13840
O268,13739
M235,13672
F200,13662
F609,13614
F192,13597
S430,13377
J188,13339
M161,13245
R11X,13214
I633,13192
M069,13171
N939,13161
K804,13140
N410,13080
E109,13063
O610,12993
K612,12931
A418,12885
O343,12865
O664,12863
S422,12794
E65X,12733
J40X,12707
I480,12590
O366,12502
C187,12404
M653,12354
O620,12328
D414,12243
I209,12234
I638,12213
N871,12193
N359,12157
R100,12032
R074,11984
J040,11978
S823,11902
F432,11826
I830,11822
Z450,11821
T833,11812
T810,11737
O266,11699
D24X,11672
I620,11642
Z915,11637
O654,11627
I211,11612
N61X,11599
I743,11554
O100,11524
S009,11319
K650,11297
T12X,11179
P369,11158
P551,11152
M869,11129
K403,11067
N44X,11063
M239,10983
J157,10939
O210,10914
L024,10891
S270,10872
S320,10815
E105,10743
O680,10731
N809,10726
I110,10683
E871,10665
D509,10638
O140,10539
S431,10514
N979,10490
S026,10369
D480,10263
D397,10221
L032,10212
O149,10195
P399,10182
S018,10163
K746,10137
K449,10079
Q531,10044
N049,10024
O669,10014
O990,9956
K219,9942
N811,9941
T813,9848
I495,9833
C159,9799
T424,9796
Z138,9780
S826,9748
N459,9737
P221,9695
L97X,9693
N19X,9681
S681,9612
F603,9591
Z352,9591
S930,9586
K291,9572
K605,9567
D430,9554
S099,9458
Q539,9441
N394,9416
O363,9379
I849,9362
O469,9358
D251,9347
O020,9346
O141,9306
R32X,9292
K625,9268
S318,9263
S920,9247
O234,9225
R101,9220
K565,9196
R17X,9184
U072,9116
I850,9104
M009,9101
A047,9093
O240,9014
R001,8976
K803,8969
R040,8962
S625,8915
O410,8901
N739,8894
O842,8890
I872,8884
S328,8883
I249,8879
D250,8838
I498,8816
E141,8790
S526,8783
C819,8681
N12X,8681
Z548,8600
J00X,8579
J358,8565
E111,8532
D619,8436
S610,8430
I499,8428
L050,8413
P071,8383
A499,8335
M329,8332
N202,8296
I501,8295
P229,8226
S523,8205
D486,8183
S923,8165
M480,8113
E282,8095
O641,8083
H024,8078
K419,8048
T181,8002
S619,8001
L899,8000
I490,7987
J359,7983
R629,7958
T824,7950
K858,7944
O364,7939
P284,7929
H819,7906
H332,7877
M713,7845
K420,7790
D381,7777
M45X,7776
F103,7775
D693,7772
B349,7767
M238,7756
G610,7748
D269,7746
A162,7743
M841,7739
G934,7697
J158,7689
Z018,7665
Z390,7656
R072,7637
K029,7567
A379,7546
K659,7543
O993,7475
S068,7463
K850,7444
K430,7444
I714,7442
S723,7440
I739,7417
N211,7404
K432,7365
F100,7365
M431,7328
F323,7323
Z392,7313
G439,7292
O909,7267
C710,7265
L022,7245
K921,7218
K828,7202
J343,7167
I828,7165
P598,7137
S024,7131
S066,7103
N642,7085
K047,7084
J329,7082
P590,7073
N508,7042
O810,6993
J111,6989
K703,6972
O822,6900
C443,6893
Z539,6889
J208,6875
E875,6841
D376,6840
N938,6827
O995,6818
N764,6800
S522,6784
A084,6776
J100,6776
Z370,6745
N209,6735
K721,6723
N132,6716
R688,6701
Z321,6692
M199,6677
S219,6646
C220,6628
L720,6602
M160,6601
O623,6592
M171,6587
S527,6583
S929,6574
O48X,6540
M231,6529
E118,6526
N750,6498
L038,6478
S020,6464
K122,6454
H110,6450
K648,6439
E86X,6431
Q282,6406
O619,6397
P072,6396
J939,6388
O709,6388
D401,6382
R073,6375
T659,6367
K388,6354
S062,6344
J849,6336
Z641,6324
S223,6292
F29X,6281
Q668,6263
E041,6252
F142,6249
I420,6231
T633,6224
I880,6217
N210,6216
O662,6193
S015,6187
T140,6185
S460,6181
I694,6158
O603,6149
S272,6137
A630,6121
O698,6117
G809,6105
F03X,6100
T818,6092
S819,6083
O241,6037
P228,6033
Z538,6033
K550,6022
J348,6011
R102,6006
K603,6003
K509,5999
T840,5988
O757,5960
O329,5959
H001,5928
K010,5903
K720,5894
H045,5893
S824,5871
S059,5863
Z515,5861
G408,5855
D469,5854
L030,5848
J101,5839
J931,5832
H409,5832
D179,5812
J120,5806
R590,5803
L905,5795
L023,5758
K297,5747
I803,5734
O239,5712
C719,5695
N950,5690
O621,5676
S825,5671
O368,5669
D370,5656
L021,5648
Q532,5614
S524,5603
P923,5602
I213,5601
O441,5591
N111,5536
N872,5520
O300,5510
T300,5508
K562,5502
A020,5458
K750,5458
N812,5443
I710,5433
K701,5431
I634,5424
O331,5382
P034,5365
K400,5361
Z412,5361
K572,5351
N63X,5349
P288,5320
H813,5306
O681,5303
A879,5288
C419,5283
C250,5280
E116,5277
I119,5274
S925,5263
P611,5249
S620,5242
N133,5238
O85X,5231
L910,5223
O689,5216
N801,5215
K222,5214
F449,5211
O860,5198
P239,5182
C19X,5175
K658,5167
K36X,5162
D374,5160
R068,5152
D352,5144
Z452,5129
S519,5117
J050,5066
T141,5055
I330,5028
N906,5018
I770,5014
Q438,4995
G919,4984
M519,4980
O701,4979
R13X,4977
Z048,4951
Q838,4946
F412,4938
J869,4935
I832,4916
S028,4910
J450,4897
G479,4892
J961,4891
Z763,4890
M411,4862
S311,4862
T827,4860
E049,4853
I472,4829
E148,4829
K250,4819
J029,4811
Z039,4775
N648,4772
M502,4771
J22X,4769
O324,4764
N136,4758
J068,4748
F239,4740
L984,4738
K259,4733
M321,4725
S627,4723
E762,4716
M255,4715
Q249,4715
D377,4702
Z031,4695
B24X,4695
R410,4658
K079,4654
Z305,4647
N858,4634
C833,4623
C780,4613
S224,4613
C449,4611
S531,4607
I443,4602
O808,4588
Z312,4586
M995,4582
F419,4572
S271,4566
M248,4551
D367,4539
L600,4535
M866,4533
M950,4522
S521,4521
T854,4521
M198,4512
L405,4502
S011,4478
J122,4471
F059,4470
M659,4458
S220,4455
A46X,4453
M518,4452
J47X,4450
S724,4449
I441,4439
O655,4438
C229,4434
H509,4427
T230,4419
S730,4411
R33X,4409
Q381,4397
K704,4393
D696,4387
C439,4381
N719,4353
C182,4352
I776,4347
P009,4340
C341,4338
I340,4337
C798,4322
B019,4320
J123,4315
C329,4314
Z609,4304
G403,4296
T292,4292
N924,4291
K635,4283
N830,4280
O360,4263
E835,4254
E039,4251
T391,4248
M224,4248
J988,4236
O031,4218
I702,4203
D440,4195
C499,4178
N831,4178
Q211,4176
T240,4169
L029,4163
H71X,4158
H353,4156
C786,4155
G448,4150
S711,4129
D180,4125
R02X,4120
D170,4118
E160,4112
I652,4104
O243,4103
E781,4101
Z514,4092
T828,4082
K20X,4076
T848,4071
O622,4065
M768,4053
P082,4047
D485,4045
T149,4044
R458,4034
D690,4029
S021,4029
O602,4020
M795,4019
K602,4004
N46X,4000
Z349,3999
N110,3987
S399,3979
T290,3974
M253,3972
Q831,3955
N879,3952
M720,3950
F321,3944
M844,3942
K631,3931
A415,3912
Z419,3878
P819,3876
I629,3875
G442,3855
E110,3853
L020,3846
S429,3833
M654,3830
N184,3825
G401,3823
M939,3815
F312,3813
O40X,3812
O988,3804
G404,3802
P219,3798
K254,3781
M542,3778
D229,3771
A083,3761
H050,3761
D390,3759
S728,3749
Z291,3747
M139,3746
Z491,3741
T432,3739
G562,3736
E46X,3731
C504,3728
G500,3727
J218,3726
R103,3725
S029,3717
D481,3705
R18X,3705
J206,3697
O994,3694
J019,3689
G510,3683
E112,3677
G049,3671
O459,3670
T068,3657
B678,3638
Z098,3632
N289,3627
S010,3621
O912,3614
C795,3603
E050,3595
N151,3594
M258,3592
E059,3586
E876,3582
Q379,3577
I831,3575
M664,3564
N701,3562
J381,3559
E143,3556
N139,3549
M244,3541
S913,3538
T857,3534
N758,3523
O640,3522
N818,3518
R570,3515
S810,3515
M758,3511
B018,3508
H023,3500
H251,3498
K829,3495
Q210,3479
I351,3468
G700,3460
B679,3453
Q250,3445
T310,3442
J13X,3439
Q909,3434
D171,3433
D059,3430
K076,3428
N059,3426
R262,3425
D320,3422
I516,3422
G629,3420
I255,3415
C221,3413
I429,3407
C787,3407
L089,3399
J110,3387
E882,3387
O688,3359
Z544,3355
I889,3346
M215,3340
T200,3339
O344,3335
K260,3334
K818,3332
D177,3332
F259,3322
N814,3315
D500,3313
L509,3313
M658,3299
S722,3287
N649,3284
C793,3283
R508,3277
G931,3276
C508,3271
R042,3269
S300,3261
O334,3261
Z136,3257
S661,3255
S324,3254
Q658,3254
S299,3241
B029,3239
O801,3230
Z309,3229
K918,3225
P398,3222
K102,3218
N870,3215
N841,3210
Z433,3207
J981,3197
K264,3196
Z509,3194
K561,3186
M674,3184
J339,3172
M510,3171
N700,3163
G20X,3163
M170,3162
Q549,3156
K824,3141
T210,3137
M479,3133
N835,3130
R060,3127
S064,3123
T08X,3121
S837,3103
O235,3095
A86X,3089
M856,3089
O109,3082
D489,3076
S063,3062
M628,3057
G801,3056
S202,3039
K589,3034
R610,3027
K601,3011
T131,3009
R572,3007
C788,3000
T212,2980
H522,2971
C402,2971
K759,2966
O691,2963
I618,2956
M469,2956
T887,2951
O209,2929
M222,2924
K754,2922
N135,2922
I309,2921
T202,2910
Q892,2908
N838,2901
F101,2898
M220,2896
Z768,2895
G800,2894
B206,2889
T242,2880
Z510,2873
Z519,2871
K768,2870
E870,2863
Z391,2863
J320,2858
G822,2855
N808,2854
M541,2853
S663,2853
M501,2850
I859,2843
D839,2840
I479,2836
S682,2834
T850,2833
F431,2827
N178,2826
F201,2823
D110,2822
D162,2818
F316,2817
T861,2815
H431,2814
E142,2808
P002,2807
G92X,2805
E872,2803
I481,2798
C760,2793
M750,2790
R739,2784
K210,2781
C343,2778
R571,2773
N481,2773
I212,2769
S023,2767
A150,2763
T782,2762
M840,2761
I248,2759
Z358,2759
R69X,2752
E108,2741
F191,2739
H46X,2738
N803,2738
N920,2729
M532,2724
G402,2724
I81X,2720
O629,2720
K621,2719
T841,2719
D593,2719
Q501,2714
N958,2714
E763,2713
K269,2708
K820,2705
M214,2696
D172,2695
H160,2693
S622,2689
F311,2689
D508,2686
C716,2684
L028,2683
C857,2683
G009,2678
Z359,2672
B279,2669
O668,2662
N029,2658
H330,2657
Z298,2653
T825,2649
S922,2646
T220,2646
E761,2642
I610,2642
S327,2640
N288,2639
F199,2637
R599,2627
K413,2616
C829,2615
M726,2614
I612,2611
T874,2610
L893,2609
M210,2606
L033,2603
S924,2597
C924,2593
C911,2583
K528,2582
O322,2578
Z488,2577
T793,2574
T845,2573
T430,2572
E161,2572
C921,2565
F332,2556
T232,2547
M796,2546
Z432,2543
Q213,2538
T846,2534
F919,2531
O019,2530
F448,2528
Q039,2527
K458,2526
K220,2522
I809,2518
O631,2515
T250,2508
D126,2505
D443,2505
Q175,2503
N857,2503
R418,2502
M419,2501
S934,2497
M230,2494
H043,2490
T71X,2479
Q359,2479
T856,2473
P368,2466
T189,2462
P008,2459
Z421,2454
D400,2452
J324,2447
H521,2446
N851,2438
Z508,2434
O468,2429
I848,2426
M163,2425
M712,2406
K914,2406
G939,2404
I120,2403
C160,2399
D648,2398
G122,2396
G825,2395
K071,2392
N319,2384
D694,2373
T821,2372
K591,2371
K560,2368
K929,2368
K460,2367
K092,2366
S051,2365
E106,2364
C809,2363
S058,2363
M913,2362
P027,2360
N492,2359
C162,2355
N971,2349
J980,2342
O219,2341
K642,2339
J942,2337
Z090,2334
O411,2330
S631,2323
E849,2316
Q369,2316
O908,2313
K001,2313
D252,2313
F202,2307
Z489,2289
K632,2289
P393,2283
N419,2280
Q699,2279
G309,2273
M256,2273
M665,2269
O901,2268
B340,2267
G819,2265
C782,2259
R609,2254
N804,2251
C959,2250
B238,2249
D380,2247
C950,2244
O233,2241
C241,2240
C480,2238
R520,2237
S618,2233
P559,2232
Z125,2228
A045,2228
C692,2221
S134,2217
I208,2215
T029,2213
Z33X,2211
O722,2211
O648,2209
O211,2209
T426,2203
L721,2198
K643,2196
I456,2194
I482,2194
K628,2192
K661,2178
K075,2160
M303,2159
L010,2158
I749,2157
P211,2155
T58X,2148
G458,2140
L729,2134
O008,2133
N926,2132
Q676,2132
T858,2132
M861,2127
N039,2125
N450,2120
I459,2112
O063,2112
D371,2109
D375,2105
S060,2093
D383,2091
F314,2090
T784,2086
M819,2086
I260,2083
C519,2083
F190,2077
S830,2074
I050,2072
B159,2069
S680,2067
R092,2064
B208,2063
N498,2062
S421,2061
O440,2060
E678,2058
I313,2056
E840,2050
C161,2048
C492,2047
K623,2041
G454,2039
O991,2037
K279,2036
I252,2034
D141,2033
P550,2033
M167,2031
P050,2025
K852,2023
I720,2022
D483,2016
S611,2009
F220,2004
O421,2003
F410,2000
H653,1998
J09X,1996
O358,1995
C249,1995
M331,1994
F500,1993
K296,1993
G039,1992
E117,1989
H350,1987
J204,1976
K070,1971
Q181,1970
T293,1969
K226,1967
G431,1966
O054,1962
D66X,1959
O985,1959
Q204,1955
C437,1951
S621,1942
S411,1938
N300,1936
Q431,1936
T859,1935
G441,1935
T819,1935
S921,1934
E140,1933
J955,1931
H809,1930
F339,1929
I469,1928
O911,1928
K389,1921
P285,1914
D589,1911
Z139,1906
H652,1905
Q667,1905
Q172,1904
I319,1902
K112,1892
I632,1892
P210,1890
P209,1889
S831,1886
E213,1885
M868,1885
T393,1884
Q251,1879
M421,1877
A060,1874
S019,1873
M997,1872
S370,1871
E146,1868
S056,1865
C210,1862
K518,1854
C029,1851
Z478,1850
K318,1850
T222,1850
S818,1847
G932,1845
T905,1844
S927,1844
P38X,1841
C749,1839
T093,1837
H358,1837
N26X,1833
B199,1832
M191,1831
K221,1831
S129,1828
P070,1823
P914,1821
M792,1821
P283,1818
S624,1818
E210,1818
O11X,1817
L040,1815
D303,1814
S301,1813
O682,1803
D181,1802
B341,1793
J200,1792
K599,1791
R42X,1790
M879,1790
Z008,1787
P964,1786
J330,1785
N816,1785
P942,1784
G432,1781
N399,1777
Q839,1776
G952,1776
M205,1775
D801,1775
C55X,1775
S098,1774
Q627,1773
M662,1772
K630,1771
R000,1770
C621,1768
I800,1762
S700,1762
T383,1761
P271,1761
C184,1754
K567,1748
S800,1747
K290,1746
K251,1746
F320,1744
C729,1739
T842,1738
D143,1738
D479,1735
Z530,1732
D471,1728
L728,1728
M202,1727
P90X,1726
H811,1725
A169,1723
T252,1722
S827,1721
M999,1720
R529,1714
S027,1710
C07X,1704
Q656,1702
I229,1699
S119,1698
Z549,1698
P044,1698
I453,1694
Q180,1694
C482,1692
Z466,1692
R402,1691
O348,1687
C839,1687
S836,1687
N183,1686
D692,1681
Q750,1679
S014,1677
S052,1677
K767,1673
Q059,1673
N898,1670
K861,1669
C609,1668
A059,1663
R634,1662
E113,1661
D239,1659
I669,1654
D689,1651
N131,1650
C180,1649
G548,1649
O900,1647
M759,1646
J852,1643
S122,1643
I608,1642
H260,1640
M478,1640
N309,1636
Q378,1636
D849,1636
K638,1633
N488,1633
Z035,1628
L988,1626
O758,1626
F09X,1625
Q400,1624
M539,1623
K913,1620
D135,1620
A082,1617
S761,1612
J108,1611
N859,1605
N509,1603
S001,1603
S617,1602
L929,1599
Z308,1598
D432,1595
M461,1595
H335,1593
E135,1591
C851,1590
C785,1589
A049,1586
K108,1586
D62X,1586
T435,1585
L989,1584
F130,1583
K900,1583
Z751,1580
N760,1577
J328,1577
T10X,1575
C444,1571
K011,1570
A38X,1568
I842,1568
I841,1567
S053,1565
P701,1555
I801,1553
C442,1552
I630,1551
N328,1547
M464,1546
T849,1542
M549,1538
F328,1537
M993,1536
A081,1533
B002,1530
D34X,1527
M546,1525
Z431,1519
S662,1518
D329,1517
C929,1515
N368,1512
D300,1511
M513,1510
M609,1510
S561,1510
S933,1509
N137,1509
Q273,1508
M211,1506
O142,1504
J80X,1504
I440,1501
I270,1501
M722,1501
H654,1499
O030,1499
J398,1498
K593,1496
S630,1492
N320,1492
M940,1491
S368,1490
J211,1488
S670,1487
T311,1487
T182,1485
C340,1483
K228,1483
P968,1478
S012,1477
C800,1477
B07X,1475
K255,1475
I470,1474
H258,1473
M430,1473
O639,1473
I712,1472
M190,1463
J383,1463
K078,1461
O721,1460
J628,1458
T142,1457
N883,1456
G960,1455
I611,1452
M952,1451
M228,1450
F639,1443
B169,1439
J390,1438
M621,1436
S310,1433
D531,1432
Z931,1432
G478,1430
C412,1426
S013,1422
S008,1421
I719,1419
I822,1418
H659,1415
Z513,1414
L309,1411
C186,1411
R58X,1410
K839,1410
I083,1409
N888,1409
J168,1408
Q375,1408
M771,1407
Q780,1407
D369,1407
N130,1406
Z418,1405
J014,1405
I730,1403
O059,1402
J698,1401
B09X,1401
J989,1398
T019,1398
M663,1396
K639,1393
P77X,1393
F840,1393
K578,1391
K295,1391
T028,1389
N907,1388
L890,1388
J030,1386
J930,1386
C441,1384
G379,1382
L52X,1382
R21X,1381
S361,1380
R53X,1379
Q439,1378
D164,1378
O065,1377
Z988,1376
E100,1370
J150,1369
T201,1367
E121,1364
D223,1363
S435,1362
R620,1361
I724,1360
C163,1360
K500,1358
D330,1356
L409,1355
K028,1352
M842,1347
T751,1347
N432,1341
E752,1341
Q212,1340
G419,1339
M313,1336
N602,1333
A509,1332
C672,1332
D173,1332
C837,1331
M543,1330
I080,1329
N428,1328
H729,1328
M414,1326
R522,1325
M059,1325
E114,1323
S055,1322
M089,1320
O902,1320
I422,1318
G710,1318
T838,1317
D539,1314
I272,1312
T600,1312
O089,1312
K559,1309
T855,1309
S817,1308
J341,1307
L500,1304
Q790,1304
H650,1304
N281,1303
P391,1301
O997,1301
Q552,1300
S428,1298
I059,1298
K299,1298
C435,1297
J848,1295
Z128,1295
F608,1295
E43X,1294
I779,1293
Q870,1292
O330,1290
N852,1287
D233,1285
S666,1285
T703,1281
R190,1279
T876,1278
N138,1276
Z940,1276
M053,1275
A498,1275
I744,1272
M960,1271
M531,1271
Q741,1269
S701,1267
I352,1266
M705,1265
G048,1263
M899,1260
D169,1257
C811,1257
H021,1257
M241,1256
C574,1250
S678,1250
M500,1249
I778,1249
R270,1248
E107,1248
Q740,1248
O438,1248
L930,1247
D060,1246
E139,1246
G430,1244
G400,1244
T543,1242
N009,1242
M242,1241
G729,1240
G808,1240
C448,1240
T796,1240
I674,1240
O260,1240
Z458,1239
N500,1238
C835,1237
F602,1236
F317,1236
C410,1233
N219,1228
Q315,1225
M200,1223
T847,1221
G839,1221
P741,1219
A410,1219
O060,1217
K760,1215
L088,1215
Q234,1214
T829,1213
C502,1212
M911,1210
Q248,1209
R451,1208
C240,1208
G938,1207
I728,1206
T185,1206
N429,1205
J439,1205
O208,1203
O120,1198
F411,1197
Z490,1196
I607,1196
S910,1195
B082,1193
I738,1191
P240,1190
J310,1188
C222,1188
C409,1186
R619,1185
R065,1185
Z049,1184
H919,1183
N398,1181
O628,1180
I615,1179
G930,1179
N280,1176
E301,1175
F205,1175
I132,1174
B200,1171
T902,1170
T450,1168
C170,1167
S314,1166
F203,1166
C763,1164
K580,1164
L980,1162
Z380,1161
J338,1160
Z532,1160
N048,1158
T634,1156
H440,1155
F39X,1154
D591,1154
Z033,1152
J392,1151
G060,1149
D441,1148
F69X,1147
T302,1144
C099,1142
F195,1142
T146,1141
K317,1140
K319,1140
S699,1140
T780,1136
J380,1134
Q070,1134
O349,1133
S644,1133
O651,1132
S564,1131
S398,1131
Z524,1130
O720,1130
K116,1129
P282,1127
D372,1127
C765,1126
Z300,1125
J010,1125
F318,1125
S369,1125
N820,1124
H348,1122
G360,1120
I693,1118
H402,1118
D287,1116
N768,1115
S801,1115
O061,1115
S222,1113
F109,1113
F799,1113
G410,1113
H609,1112
J42X,1111
M204,1110
S221,1109
T812,1109
F313,1108
N170,1108
F430,1105
H188,1105
O983,1103
D261,1103
L732,1102
K404,1101
L574,1100
O033,1099
H268,1097
K522,1096
Z719,1095
N856,1092
N028,1091
F058,1090
A370,1089
L918,1089
D763,1088
S017,1087
Z409,1086
Q279,1085
B179,1084
I614,1083
K115,1082
G959,1081
S364,1080
C447,1079
T243,1078
S321,1078
S518,1077
D163,1074
G540,1074
L923,1073
D361,1072
I729,1071
D683,1071
S302,1070
K501,1069
B99X,1069
Q311,1068
N993,1068
I510,1066
M162,1066
K298,1066
I38X,1065
Z340,1064
R268,1063
F069,1062
P081,1062
D431,1061
D420,1060
D444,1058
G628,1058
N645,1058
T060,1058
C65X,1054
Q742,1053
F208,1047
L519,1045
N946,1045
E878,1045
Q793,1045
F310,1044
Q621,1044
I781,1044
F459,1043
O359,1040
G619,1040
B269,1039
M932,1038
P230,1038
K571,1036
O328,1036
D232,1036
K381,1036
G821,1034
M791,1032
O624,1031
K640,1030
Q999,1029
T233,1029
C790,1029
D351,1028
T211,1027
M410,1027
Q623,1027
C445,1025
I713,1025
K052,1024
G709,1023
G373,1023
M412,1023
D292,1023
N301,1021
K598,1020
K113,1018
M894,1018
O644,1018
C530,1016
K862,1015
O231,1014
T783,1013
S998,1012
M754,1011
N710,1011
E052,1009
C109,1008
Q652,1006
G824,1005
Q02X,1004
O283,1003
K440,1003
T754,1003
D219,1002
R54X,1001
H814,1000
M942,1000
M948,999
C549,999
P251,999
H490,999
E102,999
H270,998
S510,997
A085,992
I670,992
O369,992
E131,990
I494,989
J118,989
I742,988
M130,984
D610,982
M138,978
P969,978
O894,977
M878,973
Q336,972
J938,972
K868,965
I847,960
B085,959
C383,959
C671,958
Q309,957
I359,957
K838,956
T130,956
N908,955
S660,955
M670,955
D211,955
M060,955
K311,952
O862,952
I339,951
J038,951
C414,951
I201,951
S999,951
S633,951
N948,949
M080,948
T823,948
T888,947
Z438,946
K611,944
T171,943
J152,942
H209,941
Q850,940
M332,940
S634,939
K510,939
C711,939
D234,937
F104,936
I631,935
F309,932
N119,932
I159,932
C168,931
S141,931
N72X,928
R628,928
R600,926
L959,924
K863,924
S000,923
N601,923
I409,921
M600,921
J322,920
S400,918
C433,918
F302,917
D599,914
Z292,914
F019,913
J387,913
M765,913
I258,911
M328,911
Z016,911
N823,911
T740,909
O458,909
Q620,908
I748,908
Q430,907
Z019,907
M651,907
A010,905
H738,904
D350,904
T433,902
P291,902
C531,901
S323,900
L209,900
S698,898
Q665,896
O341,896
S212,895
N483,894
P700,894
O868,892
E211,892
B201,891
J399,890
N738,888
I660,887
S025,884
H261,884
E760,882
D165,881
K668,881
L892,880
I820,880
S834,879
T16X,879
E785,878
N759,876
S667,875
J151,874
C069,873
I698,872
B348,871
I601,869
G971,869
O000,869
D898,868
F711,867
F070,867
G249,866
F193,864
O035,864
K137,863
N600,863
J679,862
G08X,862
C762,862
Q401,861
P019,861
K314,860
M234,860
T175,858
H663,858
F051,857
I951,857
N486,856
S097,856
N815,853
O029,853
K570,852
M349,851
I890,851
S313,850
G549,850
E136,850
M966,849
C678,849
L539,847
I452,845
D385,844
N411,844
S127,844
C436,843
N329,843
I844,843
M679,842
F640,841
G589,841
A153,841
S325,841
E889,841
M809,840
K624,840
D061,839
Q203,838
M703,838
P289,838
Z769,838
M998,836
J386,836
M673,835
P788,834
F233,833
N998,833
O028,832
C501,832
G259,830
G98X,829
D411,829
S427,827
F140,826
N434,826
D140,823
F068,823
H500,822
T781,822
S360,822
D161,821
I959,820
D467,819
Q709,819
T421,818
M252,817
Q390,817
C446,816
M488,815
K563,814
P711,814
Q650,814
T658,814
T026,814
P558,812
T231,810
C831,810
F709,809
A523,807
M350,806
B028,806
F141,805
D434,805
K523,804
Q530,804
C770,801
M109,801
C490,801
D236,801
Z379,800
B270,800
B023,799
L928,797
J14X,797
P588,797
L508,796
Q541,796
Q308,795
D260,795
C252,795
N949,795
G909,795
C181,794
I871,794
K928,793
Q444,793
M678,793
F509,792
Z608,792
G918,791
D131,791
A165,790
I358,790
J382,790
T179,788
D160,788
G433,787
H501,786
O690,785
C919,784
S211,783
E147,783
F149,783
G418,782
M624,782
T172,780
Z082,779
D280,779
J028,779
I421,779
M769,778
T111,778
C66X,776
B86X,776
T864,775
J042,775
M122,774
C450,773
F719,773
J018,771
Z933,771
D051,769
S981,768
G618,767
O325,767
Z000,766
O987,765
K223,765
B909,765
Z711,765
C491,765
Q423,764
D225,763
M061,763
I879,763
E011,763
P928,762
P000,759
Z318,758
I723,758
T873,758
P359,757
H812,756
N358,755
Q353,755
C500,755
A040,754
O840,754
O049,754
C97X,754
D134,754
P783,753
S218,753
C300,752
O630,752
Q675,752
I447,749
K833,749
S899,749
M216,749
G438,748
R933,748
M217,748
B203,747
C505,747
N608,746
A810,746
J982,745
N839,744
M766,744
K739,744
I613,743
S717,743
T932,742
M753,740
I845,738
M602,738
H262,738
T604,737
S931,736
T455,736
C845,736
F231,735
T241,734
D293,734
R591,733
I602,733
M755,732
E441,730
R221,730
D072,730
I676,728
G030,727
J851,727
K743,727
Z080,725
H700,725
F250,725
T844,725
S367,724
K380,724
C269,723
K552,723
C670,723
M131,723
K766,723
Z010,721
C880,720
T253,720
C251,720
F333,720
M938,719
M068,718
M203,718
Q505,718
S517,717
T143,717
T835,717
T952,716
B671,716
C52X,716
D136,716
M352,715
Z950,715
K450,715
P006,714
T959,714
R579,714
N735,713
K088,713
J860,713
N609,712
Q120,712
N482,712
S697,711
O660,711
B670,711
G563,711
N322,710
F439,710
S050,709
K082,709
S798,708
M779,707
J850,705
J950,705
D439,705
S636,705
Q758,704
G405,703
E144,702
I455,702
P290,702
T875,702
T018,700
C218,699
Q674,699
I081,697
C440,697
K604,697
I428,696
D231,696
O068,694
T886,694
K641,693
F315,693
D210,692
Q643,691
H010,691
C139,689
O422,688
K253,688
H028,687
Q173,687
K745,686
I514,685
T405,685
K823,685
C179,684
R601,684
Q899,684
N321,683
M246,683
M489,683
N360,682
I129,682
E104,682
Q753,681
L080,680
G119,680
B004,679
T023,678
Z480,677
K740,677
H250,676
D800,676
M994,674
F238,674
K600,674
Q651,674
O756,674
C495,673
C830,673
M206,673
G911,673
Z356,672
D379,672
S799,671
S365,671
F982,671
S462,670
B022,670
S273,669
O350,669
K410,669
I603,667
J340,666
D166,666
N308,666
D224,665
B209,664
Q256,664
Q556,664
M898,664
P298,663
I256,663
K710,662
M890,662
O989,662
M797,661
I606,661
M465,660
L511,660
O714,659
Z430,658
T183,658
I898,658
T008,655
K869,655
I808,655
Q221,654
Z653,654
G312,653
O981,653
D212,652
N810,652
C183,651
Q374,651
G576,649
H408,649
K315,648
D227,648
H000,648
H520,648
P614,646
J451,646
E848,645
C009,644
T922,644
B334,644
Z034,643
T839,642
F105,642
O038,641
P001,641
C712,641
I139,641
D392,641
F510,640
A044,639
Z523,638
Z992,638
S054,637
D464,636
N489,635
N849,635
H492,634
G811,634
B259,634
N930,634
O759,633
I458,633
N484,633
B212,631
A870,630
T830,630
C761,629
K274,629
H660,628
G802,627
K30X,626
B690,624
E512,622
M774,622
K316,622
Z981,622
G001,621
O223,621
H532,620
T213,620
Q871,618
M793,618
F198,617
M353,617
N925,617
F079,617
D484,616
M548,616
S031,616
Z348,616
H359,615
I130,615
C791,614
G253,614
G440,613
A281,612
K109,612
Q253,612
E740,612
G062,611
C764,611
C37X,609
J985,609
S669,608
P293,608
K521,608
C348,605
K021,605
Q355,605
T831,605
O731,605
C384,604
C049,603
C503,603
K412,602
Z955,601
O832,601
C342,600
S602,599
K275,599
R230,599
H351,599
I891,599
M752,598
T868,598
D101,597
K620,597
S978,596
Q201,595
S312,595
I878,595
K660,594
O439,593
M472,593
D399,592
Q743,591
K261,590
M854,590
L049,589
B207,588
D735,587
E440,587
Q255,587
F429,587
H604,586
T291,586
M229,585
F232,584
I840,584
N736,584
D128,583
F99X,583
S932,583
M533,583
D237,579
A048,579
I483,579
K081,579
T221,578
Z935,578
I288,578
L602,578
P916,577
H709,577
C320,577
Z752,576
Q554,576
P249,576
Q540,575
T889,575
N258,574
Q205,574
K292,574
K758,573
N181,573
S911,573
I701,573
N361,573
G912,573
E232,572
H264,572
Q644,572
O080,572
F918,570
O750,570
N418,570
F638,570
C400,569
Z932,569
N501,569
T568,567
L88X,567
T301,567
E078,566
Z301,566
G561,566
A199,566
S121,565
Z310,565
M508,564
H739,564
E230,564
Q278,563
I636,563
M468,562
O351,561
M790,561
D412,560
D235,560
M189,559
A029,558
N218,558
T451,558
N978,557
E271,557
P059,556
C902,556
T360,556
J958,554
P703,553
K271,553
P809,552
R202,552
M620,551
T223,550
M173,547
L270,546
T065,546
D848,545
J391,544
K431,543
R490,542
Q046,542
C119,542
C914,542
C310,541
G838,541
R002,541
T843,540
N806,540
D168,540
F604,538
I342,538
T312,538
D073,538
Z504,537
P011,537
D075,537
D071,537
M770,537
D010,536
A039,536
N040,535
Z753,533
K090,533
M351,533
D373,532
C796,532
Z368,532
T013,531
B009,531
Q043,531
D125,531
R471,530
D728,530
O693,530
Q283,530
H044,529
O150,529
O309,528
L100,528
D613,527
Q764,527
G575,526
G958,526
M729,525
M175,525
M895,525
Z088,524
O036,523
F28X,522
H600,522
K718,521
P920,521
T022,521
M484,521
C751,521
G834,520
N302,520
K909,520
C723,520
D472,520
J041,519
Z099,518
I745,518
M462,518
Q659,517
F206,517
M221,517
J304,516
F143,515
Q442,515
Q393,515
T931,515
L109,515
C154,515
F050,513
D45X,513
M719,512
Q759,512
C01X,511
C165,511
M052,510
N981,510
H903,510
I843,509
S341,509
S003,509
C844,509
I518,509
M471,508
O212,508
K073,508
G544,507
N848,506
R041,506
H601,506
M707,505
C155,505
M509,504
A490,501
K613,501
N499,500
B210,499
C479,499
Q558,499
D049,498
F122,498
H905,498
T815,497
S900,497
J154,497
O730,497
B378,496
L909,496
I668,495
E048,495
C403,495
D037,495
Z465,494
E274,494
N392,494
S500,494
G712,493
G820,493
S833,493
P120,492
H651,491
D070,490
M930,490
C381,490
N412,490
I600,489
P003,489
M429,488
N970,488
H579,488
Z975,488
T852,488
P593,488
O010,487
H020,487
F606,486
M330,486
I158,485
G040,485
M192,485
O811,484
T135,484
Q897,484
C413,484
T811,483
M165,483
C538,483
Z381,483
T594,482
T273,481
G724,481
C140,480
F688,480
E222,480
M311,480
S750,479
Q391,479
T908,479
Q660,478
B178,478
I709,477
N733,477
T021,477
C718,477
T609,477
C188,476
J948,476
Q878,476
S410,474
A411,474
C812,473
K225,473
K270,473
Z299,473
M218,473
B211,473
F444,473
Q798,472
Z087,472
K100,472
C960,471
K265,470
K626,470
M629,470
J370,470
I240,469
P080,469
S600,469
T742,468
Q704,467
Z420,466
P592,466
T820,466
O611,465
A159,465
S208,464
D382,464
Z436,464
E069,462
M314,462
G588,462
D333,462
T319,462
Q622,460
Q795,460
S418,460
D823,460
M100,459
J458,459
K294,459
K436,459
C258,458
K048,458
Z353,458
I250,457
F230,457
E806,457
Z443,457
Z459,457
M608,457
M259,457
H109,456
S961,455
Q872,455
N340,455
D529,454
K089,454
N805,453
P769,453
G443,453
K915,453
M250,452
I675,452
M159,451
S217,451
D043,451
K508,451
Q189,451
H578,450
G113,450
F162,450
T817,449
T203,448
C172,448
M870,448
A403,447
Q670,447
K252,447
P589,446
R64X,446
K099,446
T460,446
I700,446
O692,445
Z929,445
K461,444
D103,444
R521,444
K229,443
Q230,442
D151,442
S984,442
L400,442
M082,441
E662,441
A521,440
D695,439
I690,438
D819,438
F445,436
Q610,436
R195,435
T941,435
J060,434
F331,434
L958,434
T542,434
F458,434
Z760,434
G950,434
D332,432
K421,432
H441,432
P929,431
E859,431
S131,431
K860,431
N304,430
T983,428
P238,428
Q040,428
I150,427
Q625,427
A180,427
A878,426
A600,426
S903,425
T251,425
G406,425
G444,425
H400,424
Q371,424
M622,424
F849,423
D482,422
O618,422
E298,422
L239,422
M125,421
P392,421
C257,421
K911,421
L408,421
Q825,420
G570,420
T836,420
H401,419
Q031,419
C254,419
E169,418
T303,418
D407,418
T885,418
H405,418
R635,418
H618,417
D057,417
F132,417
D580,417
G711,417
K629,417
Q512,416
I772,415
A409,415
A502,415
B379,415
M968,414
N991,414
S809,413
Q220,413
D721,412
N134,412
E079,412
D611,412
K719,412
T913,411
T510,410
D758,410
T027,409
G513,408
L891,408
D090,408
Q786,408
I060,408
G936,407
Q851,407
G569,407
S373,407
I864,407
B59X,407
S560,406
A170,406
T909,406
S917,406
C720,406
Q669,406
O702,405
B04X,405
T184,405
R633,405
R630,405
B338,404
D334,404
S727,404
T132,404
D331,404
B573,403
S540,403
M166,403
Q548,403
P039,403
N940,403
S898,402
G573,401
F341,401
L282,401
M864,401
S322,401
S297,400
I220,399
I650,399
O121,399
A501,399
D226,398
O318,398
B081,396
D022,396
S868,396
N959,396
I740,395
F121,395
T420,395
N732,394
M706,394
C493,394
M773,394
C966,393
N842,393
H741,393
Q794,393
T436,392
S863,392
D803,392
I716,391
E138,390
M702,390
O002,390
D152,390
S278,389
K263,388
Z502,388
K098,387
K574,387
H720,387
D038,385
I722,385
M862,385
S071,385
I616,385
N951,385
C821,385
F929,384
T519,384
J012,384
Z492,384
F349,383
H334,383
T139,383
S109,383
B027,383
E103,382
S007,382
B202,381
S683,381
O262,380
N362,380
S317,380
D759,380
H052,379
G978,379
M711,378
C185,378
Q224,378
Z357,378
I279,377
Q688,377
T264,377
R298,377
T834,377
R229,377
O288,377
D106,376
I708,376
S668,376
D519,375
K053,375
M348,375
G042,375
H025,374
T520,374
O717,374
H271,374
I621,374
Z408,373
S269,373
S640,373
K904,373
D039,373
N020,372
T398,372
N882,372
Q673,371
S563,371
M088,371
G910,371
S118,370
C459,370
T749,370
C434,369
R294,369
D680,369
B278,368
H810,368
Q373,368
I221,368
H318,367
Q692,367
A390,366
K130,365
Z134,365
Q728,365
M860,364
T427,364
K515,364
F729,363
F600,363
E220,363
O713,363
K633,363
Q301,363
N350,362
K227,362
K148,362
B227,361
S936,361
M660,361
F418,361
D821,360
A152,360
M359,360
Q150,360
K414,358
G453,358
M463,358
C915,358
M219,357
K224,357
D442,357
T68X,357
N042,356
P921,355
H818,355
T148,355
C674,355
F112,354
C759,353
C401,353
J321,353
O340,353
N904,353
F454,353
D093,352
Q784,352
C680,352
Q200,352
G587,351
Z479,351
Q613,351
C817,350
D761,350
S372,350
C151,350
N802,350
H352,349
I691,349
K051,349
A182,349
Q170,349
F152,349
H186,349
S635,349
I460,348
T958,348
A151,348
G968,348
M808,347
M850,347
R15X,347
F841,347
M316,346
S309,346
R05X,346
C696,345
D175,345
S909,345
Z036,344
F920,344
I301,344
I741,343
T860,343
S308,343
H664,343
G378,343
S982,342
M652,341
O812,341
D688,341
H058,341
S260,341
D282,340
P610,339
Q339,338
J949,338
P134,338
S889,338
D200,338
S225,337
D213,337
Z126,337
S970,337
T011,337
L570,337
K121,337
F502,337
D119,337
E780,336
J323,336
K712,336
C717,336
Z468,336
Q225,336
G008,336
T136,335
F067,334
R071,334
H105,334
G210,333
N312,333
S731,333
I711,332
A491,332
C080,332
R392,332
S030,332
Q338,330
G09X,330
Q410,330
D360,330
Q614,330
G600,329
T439,329
C166,329
K575,329
G823,328
N491,328
T599,328
D510,327
T180,327
S120,327
C494,327
Q521,327
M855,327
I052,326
E278,326
N430,325
O849,325
K006,325
C715,325
I672,325
C822,325
F062,324
E040,324
D429,324
S061,323
L908,323
P925,323
Q103,323
G129,323
F82X,323
I051,322
M223,322
C713,322
T881,321
M704,321
H571,321
H169,320
N480,320
O312,320
N159,319
H333,319
C411,319
I870,319
S641,318
L932,318
E854,318
N318,318
T145,317
I451,317
Q231,316
C700,316
S279,316
G568,316
C021,315
C001,315
Q681,315
C923,315
Q245,314
T447,314
T390,314
S032,314
Q792,314
J986,314
T423,314
Q760,313
G255,313
C772,313
I888,313
N058,313
P378,313
H605,312
N391,312
D104,312
H608,312
N369,312
O659,311
L048,311
S298,311
D71X,310
I493,310
D618,310
G579,310
R300,310
S609,310
K551,310
M310,310
D150,310
Z601,310
K520,310
I775,309
O864,309
P049,308
H208,308
E250,308
C750,307
M925,307
D449,306
F721,306
A493,306
P015,306
F229,306
Q068,306
M798,305
E063,305
T921,305
S241,305
G318,305
A539,305
Q663,305
N889,305
I071,305
Q527,305
B088,304
F125,304
P543,304
R198,304
G120,304
B204,304
G728,304
H508,303
H613,303
J156,303
S709,303
O159,303
T603,302
S608,302
C059,302
D448,302
M625,302
K752,302
M240,302
R578,301
K835,301
S199,301
Z428,300
T549,300
A021,300
O355,300
J64X,299
Q666,299
T280,299
C838,299
U109,299
N323,298
S434,298
F252,298
C675,298
C699,298
M358,298
P394,298
S143,297
L82X,297
M538,297
K592,297
O418,297
E782,296
K622,296
M760,296
G951,296
E249,296
O337,296
D595,296
M300,296
M058,295
T950,295
G258,295
O665,294
E538,294
G470,294
T404,294
H103,294
O361,293
I446,293
K919,293
B220,293
S637,293
I978,293
I484,293
L739,292
G969,292
F450,292
T598,292
Q174,292
B572,292
A188,291
K046,291
Z092,291
R222,291
Q441,290
I663,290
G319,289
R470,289
H309,289
I899,289
S530,289
F913,289
C469,289
T025,289
D122,289
T178,288
M128,288
P789,288
I517,288
I881,288
Z930,288
R232,287
G002,287
N730,287
O102,287
M848,287
P612,287
T159,286
D167,286
S764,286
T904,286
C260,286
M254,285
O263,285
K512,284
N604,284
D015,283
D316,283
G580,283
D310,283
E272,283
Z400,282
H403,282
Q226,282
F145,282
J201,282
T862,281
J020,281
B302,279
K645,279
N762,279
C673,279
G248,279
I289,278
F106,278
N041,278
E060,278
F108,277
C152,277
K280,277
Z434,277
P718,277
G450,276
Q690,276
T173,276
F522,276
S643,276
Z941,276
F258,276
Q700,275
S432,275
D682,275
Q422,275
E132,274
D097,274
L608,274
F845,273
K401,273
E888,273
K822,273
F89X,272
D699,272
Q188,272
T150,272
S005,271
D033,271
N343,271
Q254,271
B268,271
C792,271
K072,270
D129,270
S869,270
N182,269
P299,269
H029,269
Q372,269
S710,269
C901,269
F420,269
H049,269
D820,268
O831,268
J680,267
D413,267
N172,267
Q179,267
F508,266
H902,266
I131,266
K717,266
F011,266
A412,266
N310,266
P580,266
I780,266
D841,266
I721,266
T313,266
E209,265
A321,265
N891,265
C794,265
M000,265
C211,264
Z928,264
G240,264
O294,264
H471,264
M247,264
T953,263
Q519,263
D386,263
A156,263
R80X,262
E789,262
T465,262
Z961,262
T639,261
D012,261
H040,261
Z043,261
D319,261
O218,260
Q647,260
D65X,260
G572,260
Z320,260
E212,259
L259,259
C753,259
M843,259
B001,259
G578,258
Z602,258
I300,258
A183,257
L00X,257
Q332,257
R238,257
Z030,257
E061,256
D734,256
L649,256
G301,256
B218,256
N019,256
J051,256
D117,256
L922,255
T012,255
C827,255
S601,255
D473,255
L042,255
O088,254
T438,254
D691,254
O152,253
C767,253
Q330,253
S997,253
I308,253
C773,253
B182,253
O055,253
M112,252
D067,252
R090,252
K912,252
Z089,252
O081,252
F790,252
Q446,252
N118,251
S363,251
C799,251
O011,251
Q913,251
D099,251
C089,251
Q057,250
E723,250
I513,250
A181,250
Q677,249
F160,249
N995,249
F519,249
I718,249
H499,249
D289,249
O430,249
O745,248
D419,248
T368,248
Q969,248
Q748,247
R252,247
Q105,247
E756,247
D869,246
S067,246
R258,246
B369,245
F251,245
C481,245
B441,245
B589,245
K716,245
F072,245
Z032,245
T802,244
D035,244
N821,244
B205,244
N836,244
M799,244
H448,244
C620,244
N854,244
R91X,243
N843,243
D109,243
F204,243
M626,243
B451,243
I725,243
T798,243
M921,242
S229,242
O229,242
Z097,242
H603,242
L219,242
N342,242
L308,241
Z014,241
N766,241
A394,241
G830,241
Z122,241
O222,241
E125,241
F172,240
Z121,240
Q653,240
G723,240
I069,240
Q518,239
C150,239
P360,239
Z129,239
M339,238
Q828,238
Z429,238
J82X,238
D002,238
Q542,238
M420,237
S599,237
H445,237
T464,237
F809,237
F447,237
S689,237
N999,236
M432,236
P818,236
Q300,235
O419,235
Q069,235
G900,235
Q178,235
C570,235
F601,235
B230,234
I860,234
Q419,234
A562,234
C709,233
Z547,233
C496,233
J011,232
O861,232
Q859,232
O224,231
K123,231
S862,231
Q774,231
O332,231
M436,231
R048,231
J410,231
K910,231
I253,230
T853,230
E722,230
O323,230
S501,230
S461,230
N641,230
Q048,230
K293,230
D409,229
T461,229
E802,229
J312,229
J940,229
Q360,229
T502,228
Q262,228
D570,228
D838,228
O431,228
O450,227
N903,227
F700,227
Q209,227
R161,227
L22X,226
S417,226
N050,226
I241,226
Q858,226
F330,226
Q208,226
Q054,225
D000,225
G541,225
S498,225
A638,224
K068,224
D214,224
P018,224
T930,224
K039,223
Q388,223
F013,223
Q321,223
C321,223
N422,223
C852,223
Q019,222
R413,222
I082,222
T933,222
S451,222
G471,222
T529,222
D733,222
N711,222
I821,222
A513,221
O432,221
C33X,221
T314,221
D445,221
M767,221
F607,221
B370,221
L303,220
K132,220
F338,220
B084,220
G038,220
A046,220
N158,220
Z208,220
M319,220
G719,219
H041,219
Z372,219
H178,219
Q749,219
S912,219
F110,218
Q288,218
H163,218
M931,218
D120,218
J411,218
E279,218
F61X,218
C768,218
H048,217
C925,217
Q351,217
F063,217
P252,216
I089,216
I862,216
I511,216
O362,216
R931,216
S908,215
F848,215
Q898,215
J160,215
J385,215
H662,215
Q432,214
R011,214
S092,214
C741,214
D477,214
M961,213
A041,213
H661,212
I454,212
E055,212
M257,212
T511,212
N341,212
B171,212
U099,212
Q049,211
H611,211
K513,211
H051,211
Z435,211
Q763,211
R390,211
B021,211
N86X,211
H900,211
L501,211
F649,210
S117,210
C927,210
E807,210
P922,210
F710,210
G519,209
P960,208
S342,208
C774,208
M996,208
D571,208
Q244,208
J840,207
M724,207
J384,207
K040,207
R061,207
S315,207
O338,206
M418,206
R638,206
E713,206
N912,205
C781,205
L986,205
D899,205
F911,204
P719,204
R224,204
F334,204
S642,204
K114,204
M245,204
B003,204
S335,204
G608,204
C548,204
T062,204
M251,204
T402,203
O336,203
M317,203
P918,203
M700,203
D686,203
I400,202
M243,202
F681,202
J155,202
M728,202
T191,202
D123,201
K614,201
K262,201
H059,201
I677,201
M008,201
O066,201
C319,201
B49X,201
T399,200
D301,200
Q523,200
F505,200
K044,200
K119,200
D132,199
D281,199
M892,199
L711,199
D824,198
Z604,198
M715,198
C171,198
R160,198
Z501,198
Q320,198
S968,198
R651,198
I823,198
Z313,197
K045,197
Q655,197
F701,197
O661,197
F910,197
A160,197
P358,197
J311,197
Q513,197
A858,197
Z503,197
S331,196
J678,196
K289,196
N972,196
P961,196
P269,196
R201,196
C58X,196
G031,195
B181,195
F900,195
S853,195
T822,195
D048,194
O833,194
L512,194
Z422,194
F912,194
H527,194
Q433,193
T490,193
D805,193
D751,193
T407,192
C969,192
T449,192
M154,192
Q447,192
G111,191
A031,191
S110,191
K558,191
K514,191
G571,190
M941,190
G518,190
E41X,190
P280,190
Z764,190
H912,190
M318,190
H570,190
E880,190
D130,190
I311,190
C820,189
Q246,189
O051,189
S397,189
T001,189
D220,189
R220,189
E711,188
S551,188
R260,188
N603,188
Q550,188
A378,188
L271,188
S002,187
F413,187
S090,187
K140,187
D729,187
T925,187
E137,187
T826,187
K083,186
N897,186
R943,186
S198,186
F440,186
Q642,186
R066,186
N909,186
Z042,185
E129,185
M929,185
M174,185
K853,185
Q000,185
H150,185
Q799,185
F388,184
K634,184
M119,184
F21X,184
S808,184
I424,184
C771,184
B213,184
D321,184
I371,183
R223,183
Q612,183
D221,183
Q318,183
C779,183
E833,183
L208,183
J013,183
S878,182
P53X,182
I958,182
T938,182
Q111,182
D100,182
H162,181
T000,181
I254,181
I370,181
C227,181
F064,181
T528,181
A514,181
D609,181
P112,180
Q100,180
F131,180
O151,180
F180,180
H610,180
C432,180
G451,180
B150,179
S850,179
I659,179
D831,179
D174,179
H708,179
D809,179
H470,179
B271,179
S649,179
T462,179
C810,179
H748,179
S112,178
D137,178
S565,178
H438,178
Q724,178
T043,178
M853,177
G901,177
J853,177
M672,177
F120,177
T110,177
T188,177
F150,176
P583,176
T094,176
Q257,176
O658,176
J300,176
P838,176
M863,176
T138,175
T024,175
E051,175
M650,175
H938,175
T612,175
F107,175
O650,174
L609,174
C579,174
D215,174
S142,174
T147,174
S228,173
I726,173
Z934,173
S542,173
K273,173
T016,173
K382,173
Q268,173
E831,173
J432,173
K257,172
C714,172
T134,172
T809,172
T443,172
Z978,172
K669,172
K008,172
S541,171
C248,171
G961,171
T369,171
F148,171
Q370,171
I692,171
Z599,171
K627,171
H502,170
M340,170
S057,170
K009,170
A449,170
L120,170
S897,170
N311,170
I151,169
R049,169
P361,169
G603,169
S598,169
O699,169
Q042,168
S366,168
N923,168
D892,168
N895,168
T911,168
C438,168
K103,168
K149,167
F842,167
M503,167
Z017,167
E804,167
G908,167
C311,167
P768,166
Z124,166
N829,166
F453,166
C164,166
E45X,166
A58X,166
O221,166
A500,166
J303,166
K002,166
S433,166
R653,166
S499,165
B232,165
Q264,165
R234,165
T96X,165
D290,165
L292,165
S396,165
F061,165
D036,165
A408,165
H022,165
E755,164
B377,164
G831,164
L129,164
L598,164
Q893,164
K118,164
M172,164
C951,164
J182,164
S969,164
I099,163
O927,163
G832,163
F791,163
A414,162
Z516,162
Z918,162
I228,162
H189,162
K821,162
Q682,162
D050,162
Q222,162
L401,162
E038,162
C488,161
G308,161
O642,161
M958,161
M954,161
M150,161
S861,161
E748,160
Q819,160
G718,160
H939,160
D044,160
T192,160
P052,160
F680,160
M775,160
E739,160
F55X,160
Q218,160
B222,160
S589,159
Q551,159
Z120,159
L538,158
T434,158
M181,158
B011,158
G902,158
Q079,158
O345,157
N008,157
C153,157
D304,157
G061,157
I715,157
C840,157
Z354,157
D216,157
G219,157
B432,157
T482,157
Q868,157
G713,157
Q691,157
T928,157
G412,157
R659,156
R278,156
C968,156
R398,156
D860,156
O715,156
T794,156
N922,156
O320,156
L108,156
C506,155
P835,155
H830,155
P709,155
S781,155
K433,155
C690,155
H540,155
K310,155
S562,155
G121,155
S708,155
Q754,155
M858,155
S354,154
D594,154
I238,154
E890,154
S497,154
D684,153
S136,153
Q992,153
D762,153
L940,153
P524,153
N833,153
S907,153
Z526,152
E035,152
T629,152
C693,152
S967,152
F530,152
S568,152
R456,152
C676,152
A689,152
P201,152
K700,152
I278,151
Q386,151
O346,151
F129,151
G310,151
T090,151
Z130,151
H918,151
N905,150
Z659,150
I280,150
Q061,150
F421,150
N902,150
O104,150
P810,149
Q680,149
T061,149
T901,149
N944,149
M992,149
G64X,149
E299,149
G913,149
T832,148
P236,148
S277,148
O986,148
O841,148
C382,148
C913,148
N002,147
N890,147
P130,147
O261,147
F739,147
Q324,147
J202,147
F308,146
E236,146
M485,146
S040,146
F501,146
O871,146
O921,146
C947,146
H612,145
E031,145
C784,145
P721,145
H113,145
I408,145
I061,145
D359,145
Q380,144
E340,144
Q436,144
F488,144
R92X,144
Z951,144
T116,144
O101,144
L920,144
B020,144
T481,143
O663,143
C323,143
E892,143
M438,143
G501,143
H728,143
K312,142
M029,142
Q038,142
P279,142
M439,142
S210,142
Q998,141
Q559,141
B852,141
D091,141
K055,141
J681,141
L043,141
C467,141
O333,140
F301,140
Z944,140
C783,140
Z542,140
A157,140
S688,140
L858,139
Q729,139
H449,139
T099,139
K644,139
B829,139
M341,138
T174,138
G369,138
H042,138
Q639,138
L011,138
G609,138
E215,138
Q529,138
R34X,138
T935,138
A022,138
R070,137
D139,137
C917,137
B588,137
O679,137
Q228,137
O710,137
H114,136
Q873,136
M470,136
O301,136
I152,136
L931,136
O289,136
C498,136
P941,136
B005,136
H491,135
Z718,135
D685,135
Z658,135
T244,135
D339,135
N901,135
K101,135
Z954,134
A069,134
I651,134
C946,134
Z758,134
M873,134
R091,134
S468,134
H55X,134
R030,133
S841,133
G509,133
B012,133
Z921,133
L280,133
S379,133
Q233,133
O25X,133
T508,133
A058,133
R251,133
S378,132
Z942,132
C740,132
R400,132
L518,132
P032,132
D019,132
J438,132
D830,132
F197,132
S128,132
Q411,131
E214,131
D197,131
M671,131
Q319,131
I952,131
S081,131
I662,131
H439,131
B373,130
G10X,130
M871,130
S647,130
D808,130
D384,130
R798,130
R008,130
Q654,130
R208,130
F731,130
O044,130
M180,129
P749,129
Z369,129
O922,129
D020,129
F171,129
M415,129
N052,129
N640,129
B350,129
T112,129
I773,129
K435,129
H598,129
Q504,128
E754,128
D561,128
Q052,128
E784,128
H342,128
Q182,127
T851,127
G245,127
P523,127
D199,127
Q528,127
D644,127
P364,127
A071,127
D802,126
F018,126
O718,126
Q628,126
F409,126
B258,126
M926,126
P780,126
S268,126
P542,126
D201,126
K256,125
T318,125
C540,125
J631,125
C518,125
F194,125
O815,125
K711,125
R825,125
E639,125
M959,125
F720,125
F952,125
Q503,125
M872,125
P031,125
P529,125
C930,125
F078,124
K004,124
Q606,124
S665,124
A279,124
T010,124
G112,124
Q437,124
N893,124
Q525,124
Z721,124
S550,124
E058,124
A872,124
I653,123
B231,123
E786,123
Q412,123
E858,123
H182,123
K049,123
F228,123
M051,123
D267,123
S881,123
C050,123
M924,123
Z094,123
R233,122
A540,122
H181,122
F119,122
C060,122
T940,122
Q302,122
M301,122
T378,122
N000,122
Q202,121
R098,121
P540,121
P278,121
S200,121
Z041,121
D133,121
A560,121
C689,121
K134,121
B889,121
H210,121
Q611,121
Z424,121
Q638,121
L919,120
F988,120
L982,120
T500,120
D433,120
M849,120
T392,120
N899,120
S840,119
N644,119
S534,119
Q678,119
H433,119
I604,119
P831,119
I450,119
O367,119
Q701,119
Q524,119
T381,119
H200,119
P292,119
P390,119
S664,119
G708,118
L041,118
O984,118
Q383,118
Q429,118
K120,118
D047,117
N892,117
D421,117
C848,117
D001,117
S854,117
G528,117
F438,117
P748,117
F648,116
T428,116
L859,116
A400,116
O814,116
F139,116
O711,116
Z21X,116
D698,116
P363,116
J633,116
D598,116
D190,116
S390,115
S250,115
Z528,115
I058,115
M514,115
B75X,115
T283,115
I361,115
Z749,114
O645,114
Z011,114
O460,114
M928,114
B333,114
H046,114
T792,114
N413,114
L211,114
S409,113
M922,113
S371,113
N824,113
A522,113
D437,113
P520,113
P379,113
G114,113
O872,113
F718,113
D807,113
M859,113
Q618,113
T709,113
K050,112
K832,112
E749,112
N018,112
R683,112
T151,112
Z907,112
T505,112
P243,112
L301,112
H544,112
B010,112
S851,112
G720,112
K267,112
T920,112
D040,112
D042,111
P761,111
Q078,111
I011,111
C928,111
D67X,111
S948,111
H215,111
S870,111
S632,111
H838,111
T281,111
G241,111
T702,111
T797,110
Q459,110
N900,110
R740,110
S570,110
T361,110
G903,110
M064,110
N324,110
G300,110
S880,110
Q641,110
E873,109
S971,109
Z355,109
K738,109
O220,109
Z423,109
O652,109
C797,109
M164,109
F428,109
S362,109
C158,109
K272,109
T66X,109
L299,109
D046,108
D157,108
P740,108
T951,108
I731,108
N032,108
E130,108
E643,108
Q751,108
K908,108
C098,108
F060,108
S509,108
Z866,107
Q514,107
A850,107
M619,107
O882,107
M949,107
A064,107
S332,107
Z629,107
S004,107
Q280,106
H349,106
F83X,106
R14X,106
Q263,106
S340,106
O265,106
Q789,106
O879,106
G411,106
T144,106
G810,106
H619,106
P549,106
S684,106
T808,106
A028,105
M081,105
K451,105
Z439,105
N420,105
Q012,105
T788,105
P948,105
T260,105
A483,105
E030,105
H740,105
D222,105
T091,105
E850,105
Z469,104
F300,104
R162,104
S960,104
T214,104
P808,104
O242,104
Z651,104
D353,104
C068,104
Q874,104
Q822,104
A401,104
I658,104
B351,103
E841,103
S47X,103
P371,103
K074,103
T272,103
T789,103
Q045,103
M661,103
Z111,103
G250,103
R876,103
S751,103
Q420,103
A812,102
H119,102
Q725,102
P616,102
L272,102
H279,102
Z135,102
S648,102
G311,102
D124,102
D294,102
Q458,102
Q917,101
C000,101
D230,101
Q809,101
K056,101
S463,101
C602,101
Z364,101
F798,101
O694,101
K091,101
F928,101
A061,101
J418,101
S259,101
P760,101
F113,100
O848,100
S983,100
B673,100
N731,100
A154,100
N363,100
K744,100
T912,100
P038,100
S045,100
A392,100
H108,100
D102,100
Q161,100
C039,100
S607,100
Q259,100
N945,100
H112,100
G529,99
T038,99
D891,99
E018,99
O058,99
J331,99
F451,99
O053,99
F489,99
G372,99
S333,99
C261,99
L738,99
Z860,99
M762,99
S307,98
S650,98
N485,98
M919,98
N431,98
H920,98
G551,98
T55X,98
F941,98
D868,98
Q900,98
T315,98
Z991,98
E550,98
L814,98
M540,98
A310,97
A481,97
P048,97
N047,97
D041,97
S718,97
Q788,97
M710,97
F989,97
Q619,97
Q626,97
I972,97
F939,97
S440,96
H503,96
E883,96
Z045,96
M354,96
E15X,96
P782,96
A90X,96
N303,96
M460,96
O050,96
O830,96
T741,96
E260,96
R681,95
Q649,95
O083,95
G935,95
M315,95
C224,95
T020,95
C965,95
Z639,95
I341,95
E751,95
Q289,95
H341,95
H168,94
I00X,94
C380,94
M002,94
P742,94
F065,94
K281,94
N038,94
T926,94
H808,94
H018,94
S651,94
Q434,94
K751,94
B260,93
T261,93
C418,93
S207,93
D034,93
A601,93
L950,93
E788,93
S533,93
K041,93
O754,93
S408,93
H901,93
D127,92
R829,92
M969,92
S381,92
I971,92
Q382,92
H027,92
N171,92
S597,92
P261,92
Q443,92
F133,92
S901,92
I863,91
C608,91
D105,91
G542,91
D447,91
D302,91
S150,91
Z901,91
B008,91
G474,91
M402,91
J929,91
T939,91
H922,91
T115,91
H602,91
C399,91
C031,91
H111,91
B871,90
M920,90
A072,90
F348,90
N140,90
C051,90
P832,90
T597,90
K284,90
M623,90
D474,90
A043,90
N765,89
C328,89
Q421,89
N941,89
P722,89
L601,89
C318,89
P528,89
A319,89
C849,89
I425,88
M721,88
C268,88
P924,88
D518,88
S080,88
Z598,88
A178,88
T915,88
P351,88
P035,87
Q392,87
S437,87
C578,87
S469,87
S797,87
H308,87
I312,87
E012,87
S242,87
C931,87
B342,86
R680,86
Q782,86
A35X,86
F529,86
S079,86
P004,86
Q232,86
D462,86
C460,86
C639,86
A079,86
I318,86
J689,86
S280,86
E729,86
S203,86
N144,86
F196,86
D569,85
B353,85
H839,85
T981,85
N837,85
Q341,85
S741,85
T119,85
Q030,85
T158,85
N421,85
L819,85
E348,85
S244,85
Q348,85
D142,85
E898,84
K000,84
Z351,84
P839,84
S807,84
O863,84
P143,84
H539,84
Q829,84
I349,84
K313,84
E065,84
I673,83
A042,83
N030,83
Q238,83
I062,83
S481,83
T409,83
T671,83
T204,83
S070,83
C028,83
O751,83
Q322,83
T406,83
M401,83
M153,83
Q564,82
S352,82
Z982,82
B440,82
R932,82
O264,82
A158,82
T234,82
H512,82
B570,82
E830,82
N022,82
N884,82
L900,82
O723,82
P618,82
Q633,82
T924,81
B083,81
T247,81
K383,81
N259,81
B374,81
Q935,81
O719,81
T003,81
Z137,81
D806,81
R730,81
P281,81
D017,81
D590,81
H185,81
E725,81
Q791,81
D013,81
D045,80
C148,80
Q762,80
Q258,80
T670,80
C004,80
A191,80
A038,80
S567,80
K902,80
L559,80
R636,80
N351,80
C846,80
N881,80
E710,80
J207,80
D121,80
C884,80
A488,79
K411,79
S380,79
K131,79
C814,79
P352,79
Z958,79
D337,79
N423,79
Q240,79
B449,79
P949,79
P910,79
Z206,79
G804,79
K266,79
H699,79
C431,79
H498,79
K276,79
J620,79
S350,79
T869,79
M701,79
O228,79
F59X,79
T316,79
I605,79
R35X,79
A541,79
C637,78
D640,78
F380,78
T269,78
K038,78
A530,78
C841,78
J709,78
C322,78
J688,78
T501,78
M718,78
Q396,78
I970,78
Q605,78
M709,78
H534,78
F605,78
A168,78
O062,78
T801,78
Q112,77
O980,77
C698,77
L603,77
T602,77
A440,77
H356,77
Q522,77
P708,77
B000,77
T620,77
D861,77
F111,77
F938,77
C388,77
S740,77
C461,77
Z900,77
C470,77
C922,77
Q718,77
N855,77
T730,77
B879,77
T133,76
D804,76
M708,76
Q630,76
C903,76
B221,76
T608,76
E539,76
H526,76
A64X,76
B219,76
H026,76
O653,76
S858,76
T170,76
H701,76
Q044,76
B359,75
D299,75
G243,75
D470,75
C944,75
F949,75
C457,75
K136,75
O643,75
C12X,75
T918,75
P158,75
T064,75
L238,75
M320,75
F708,74
S859,74
M800,74
F531,74
E805,74
M889,74
Q219,74
C451,74
K441,74
D076,74
B251,74
Q714,74
B371,74
I774,74
C725,74
K732,74
F441,74
H278,73
Z350,73
Q600,73
P159,73
B870,73
O890,73
T006,73
L102,73
A542,73
T923,73
A161,72
C728,72
C860,72
Z862,72
K020,72
N511,72
K834,72
B250,72
T466,72
T266,72
J708,72
C775,72
H950,72
T048,72
A661,72
O753,72
Q357,72
Q632,72
J393,71
C253,71
G000,71
T380,71
C301,71
H749,71
Z922,71
L669,71
C408,71
A371,71
F808,71
G979,71
J959,71
R631,71
S442,71
G970,71
P007,71
Z865,71
N828,71
T571,70
L551,70
H442,70
P522,70
K761,70
Q860,70
E753,70
C511,70
M794,70
T431,70
E877,70
T504,70
M434,70
Q313,70
Z467,69
Q506,69
T486,69
Q648,69
Q445,69
T317,69
Q833,69
D731,69
N051,69
C542,69
R790,69
Q451,69
C677,69
T193,69
O678,69
N994,69
T285,68
A399,68
Z948,68
Q303,68
Q769,68
F010,68
D538,68
H340,68
T900,68
Q894,68
L304,68
H506,68
F801,68
F012,68
H931,68
C847,68
Z044,68
D446,68
F481,67
O870,67
M839,67
T098,67
O032,67
L128,67
G527,67
O899,67
H531,67
B343,67
Z451,67
B465,67
T477,67
Q911,67
B461,67
Q702,67
C957,67
C111,67
T270,67
Z965,67
P800,66
P362,66
C632,66
Z290,66
N021,66
L941,66
T936,66
C062,66
O232,66
L659,66
R291,66
M118,66
G370,66
S771,66
E010,66
E671,66
C058,66
F819,66
C942,65
Q715,65
E289,65
Z410,65
M761,65
H102,65
C638,65
S707,65
E269,65
I789,65
Z133,65
L403,65
T254,65
Q766,64
T092,64
B699,64
F948,64
D176,64
O347,64
E853,64
E743,64
C510,64
Q603,64
F901,64
M158,64
C866,64
D738,64
I372,64
Z520,64
T628,64
M063,64
S049,64
Z730,64
L26X,64
A492,64
K702,63
C724,63
M028,63
Q781,63
S579,63
A163,63
J153,63
M805,63
S201,63
M763,63
T471,63
O353,63
Z382,63
Q428,63
G521,63
F128,63
A033,63
L300,63
L730,63
H908,63
E58X,62
G620,62
Q683,62
O285,62
F169,62
C024,62
M183,62
C964,62
F909,62
Q703,62
A167,62
H538,62
T413,62
S459,61
S450,61
Q812,61
E126,61
F659,61
F123,61
Z597,61
J941,61
M611,61
P591,61
H599,61
Z733,61
O903,61
Q719,61
H118,61
M023,61
S204,61
Q933,61
H179,61
R75X,61
P200,61
Q890,60
T748,60
E240,60
S532,60
G803,60
M185,60
C824,60
P710,60
R391,60
D074,60
H055,60
T980,60
P912,60
S100,60
G252,60
T880,60
B674,60
Q385,60
N141,60
D092,60
T118,60
T929,59
B301,59
O752,59
F189,59
F165,59
Q223,59
P619,59
H523,59
T816,59
P509,59
R443,59
M778,59
P231,59
F422,59
I515,59
M212,59
G833,59
Q818,59
T638,59
K061,59
C939,59
N763,59
H053,59
E720,59
G128,59
T492,58
G702,58
Z201,58
H019,58
Q361,58
K764,58
T263,58
D309,58
F789,58
C695,58
S101,58
O910,58
C823,58
E128,58
F381,58
D600,58
T469,58
E559,58
Q910,58
Q260,58
Z980,57
D024,57
K035,57
O048,57
R940,57
P919,57
L949,57
T190,57
C813,57
H472,57
C313,57
N96X,57
C430,57
C472,57
S789,56
E320,56
D144,56
F182,56
C132,56
Q684,56
O280,56
T506,56
F959,56
H100,56
S130,56
S355,56
R463,56
T199,56
B488,56
G211,56
L236,56
S035,56
F88X,56
D417,55
T114,55
J91X,55
A528,55
H404,55
J61X,55
M893,55
G933,55
E328,55
T042,55
E221,55
M815,55
F340,55
A030,55
T485,54
Q631,54
F179,54
B170,54
G511,54
G972,54
N761,54
F04X,54
M910,54
N031,54
E034,54
K069,54
Q310,54
D107,54
D828,54
R948,54
A062,54
G564,54
Q912,54
S962,53
A402,53
S330,53
Q738,53
F630,53
S559,53
L249,53
A239,53
A413,53
Z628,53
F802,53
G003,53
T400,53
C108,53
T002,53
A480,53
T375,53
R010,53
O122,53
P041,53
M888,53
H201,53
R930,52
D511,52
Z999,52
O703,52
R771,52
K117,52
D641,52
D862,52
F159,52
S581,52
Q102,52
S358,52
K437,52
E273,52
S942,52
Q875,52
F931,52
T503,52
I661,52
K277,52
S458,52
C178,52
F480,52
L818,52
S980,52
Q848,51
J60X,51
F161,51
P579,51
E134,51
S132,51
G543,51
F401,51
S489,51
M832,51
Q214,51
P545,51
C090,51
Z463,51
Q502,51
Z968,51
M433,51
P021,51
I950,51
S759,51
Z590,51
G508,51
F115,51
O352,51
Z853,51
E874,50
S233,50
L851,50
N251,50
S767,50
L440,50
G407,50
E703,50
N142,50
C398,50
Q772,50
E343,50
I029,50
N001,50
C100,50
G218,50
K145,50
E268,50
Z761,50
M818,50
R632,50
D818,50
L510,50
Q646,50
L749,50
I348,50
A220,50
Q408,50
I401,50
R611,50
N010,50
F452,49
A014,49
R650,49
D890,49
F520,49
I236,49
A527,49
D315,49
I426,49
S760,49
Q543,49
M249,49
E208,49
T047,49
Z081,49
B54X,49
Q765,49
P241,49
C967,49
Q796,49
K042,49
Z115,49
S108,49
P138,49
M951,49
Z123,48
T297,48
S763,48
S407,48
L709,48
S467,48
A318,48
S578,48
I010,48
E070,48
R457,48
R063,48
A050,48
T063,48
Q271,48
T039,48
S251,48
Q281,48
Q727,48
G621,48
N896,48
T246,48
R502,48
A311,48
O878,48
N943,48
K283,48
A198,47
Q902,47
N079,47
A504,47
T569,47
Z413,47
O281,47
S337,47
C104,47
N490,47
L530,47
B948,47
K730,47
F138,47
Q160,47
Q901,47
O880,47
T478,47
E309,47
N911,47
J301,47
C061,47
A078,47
T095,47
E310,47
I088,47
D031,47
Z303,47
M050,46
E349,46
A329,46
O056,46
T286,46
Z720,46
O873,46
D588,46
Z531,46
L131,46
H933,46
P833,46
H161,46
O326,46
Q960,46
T055,46
O892,46
T524,46
T294,46
S275,46
P026,46
Q106,46
J684,46
M927,46
T452,46
H219,46
D460,45
T320,45
E133,45
K031,45
Q726,45
D832,45
Q184,45
P248,45
D643,45
C688,45
C630,45
C475,45
Z952,45
Z001,45
C040,45
T227,45
T041,45
O225,45
H831,45
L84X,45
D550,45
S353,45
P250,45
Q526,45
T518,45
M865,45
S359,45
D829,45
Q511,45
Q349,45
T412,45
R401,44
Q018,44
I444,44
K023,44
L550,44
A609,44
Z311,44
F728,44
T653,44
B91X,44
N973,44
J691,44
C889,44
N069,44
Q142,44
D608,44
Z739,44
E834,44
D520,44
P525,44
Q891,44
A192,43
L942,43
G118,43
N990,43
T458,43
M530,43
A599,43
Q402,43
E893,43
F400,43
I846,43
T370,43
Q185,43
Q452,43
L639,43
Z448,43
H549,43
N220,43
N942,43
O749,43
M615,43
P913,43
S549,43
P613,43
C030,43
S758,43
I491,43
E168,43
T224,43
Q158,43
Q206,42
K111,42
E839,42
C118,42
Q453,42
Z947,42
L302,42
Q761,42
Q929,42
L123,42
S234,42
Q916,42
M943,42
M482,42
R935,42
M802,42
E120,42
B309,42
H681,42
H054,42
S152,42
Q252,42
I078,42
L579,42
H214,42
C048,41
D739,41
Q934,41
Z890,41
P521,41
A544,41
S276,41
O712,41
Z541,41
L237,41
E291,41
N512,41
A448,41
F066,41
Z543,41
I979,41
M435,41
E790,41
A428,41
A190,41
G238,41
L279,41
H252,41
S867,41
C002,41
T049,41
P548,41
B949,41
S935,40
C023,40
P728,40
A229,40
B582,40
D032,40
D559,40
B188,40
D501,40
C312,40
C601,40
Z740,40
H101,40
Q662,40
D812,40
N270,40
A871,40
E670,40
D011,40
Z600,40
P040,40
C020,40
J371,40
H802,40
C543,40
K110,40
N822,40
H357,40
L719,40
A184,40
Z895,40
Q773,40
L439,40
D592,40
N974,40
T467,40
T033,40
E724,40
Q395,40
O904,40
H314,40
T422,40
S749,40
L575,39
Q334,39
H432,39
E611,39
Q269,39
C962,39
E329,39
D014,39
C721,39
E509,39
I427,39
T237,39
Q409,39
Z638,39
S290,39
S857,39
F446,39
P702,39
E242,39
Z209,39
F442,39
I445,39
B162,39
T271,39
A051,39
T425,39
P100,39
G110,39
Q768,39
M483,38
S231,38
I019,38
K753,38
S441,38
R309,38
G452,38
K285,38
S334,38
L668,38
N952,38
I091,38
R227,38
T479,38
Q553,38
J65X,38
B189,38
A549,38
J431,38
H331,38
M062,38
E127,38
Z850,38
Q823,38
K060,38
P93X,38
C865,38
N992,37
Z899,37
C081,37
Q830,37
C138,37
I232,37
F803,37
T304,37
C926,37
M101,37
B376,37
T198,37
C631,37
D612,37
R492,37
T483,37
S140,37
I788,37
T622,37
M772,37
H744,37
C600,37
Q384,37
O086,37
G368,37
R301,37
C778,37
D159,37
S088,37
D311,37
S508,37
T296,37
C102,37
A561,37
Q915,37
H313,37
S855,37
N825,37
E02X,37
P834,37
O755,36
O299,36
A430,36
H730,36
T454,36
T882,36
D355,36
D582,36
Q435,36
T059,36
O357,36
N734,36
Q803,36
L130,36
H302,36
N062,36
R478,36
P131,36
Z813,36
T539,36
E838,36
Z108,36
T363,36
L121,36
P372,36
M481,36
H493,36
T630,36
T476,36
M764,36
L599,36
C103,36
T371,36
I310,36
N834,36
H187,36
Z911,35
Z875,35
Q399,35
G472,35
L505,35
Q242,35
T113,35
F958,35
M953,35
N055,35
D513,35
H158,35
H698,35
R441,35
Z003,35
F24X,35
L218,35
C916,35
L948,35
Z894,35
T806,35
E769,35
S558,35
Q671,35
Z912,35
Z453,35
Z878,35
C223,35
K741,35
C940,35
D475,35
H721,35
A164,35
H731,34
T799,34
U129,34
A327,34
N643,34
P258,34
M213,34
N880,34
E288,34
M810,34
J683,34
J700,34
H184,34
S770,34
H104,34
K062,34
Q418,34
Q333,34
A590,34
S351,34
F114,34
H213,34
T032,34
N915,34
F144,34
F402,34
C577,34
O084,34
P028,34
Q169,34
M918,34
M852,34
M356,34
F942,34
T056,33
Q685,33
N026,33
Q270,33
Q520,33
A066,33
Q602,33
Q820,33
Z319,33
T601,33
Z966,33
F981,33
K594,33
D461,33
D596,33
Z110,33
L42X,33
A155,33
I231,33
Z005,33
M151,33
B663,33
K143,33
T578,33
T470,33
I378,33
A568,33
F163,33
Z449,33
E569,33
T487,32
F629,32
P005,32
P022,32
B190,32
I664,32
Q331,32
P113,32
T054,32
T257,32
Z959,32
Q713,32
Q777,32
A510,32
M804,32
O037,32
A429,32
T650,32
P294,32
Q928,32
M891,32
Z945,32
R253,32
Z006,32
S16X,32
Q846,32
P615,32
P365,32
A421,32
K025,32
F812,32
T758,32
T513,32
S548,32
R859,32
D023,32
S902,32
T636,32
K135,32
S033,32
F518,31
J702,31
Z462,31
J954,31
S041,31
P569,31
T700,31
I098,31
S258,31
S655,31
A179,31
T207,31
E237,31
I070,31
T459,31
F511,31
P582,31
Z910,31
Q171,31
H833,31
T403,31
N910,31
S658,31
G545,31
B479,31
E200,31
Q767,31
P111,31
S255,31
P712,31
O683,31
P029,30
F503,30
S197,30
T256,30
Z595,30
H443,30
I230,30
Z132,30
F930,30
L298,30
B354,30
S552,30
H524,30
Q323,30
I018,30
G244,30
Q661,30
O311,30
A543,30
H447,30
O982,30
S240,30
Z714,30
A880,30
Z529,30
Q010,30
L983,30
A052,30
Q398,30
L663,30
A529,30
P541,30
Z630,30
D750,30
S343,30
O834,30
A691,30
K080,30
T216,30
I360,30
N250,30
B878,30
P375,30
T590,29
F408,29
E661,29
R263,29
S547,29
A398,29
C918,29
Z028,29
S232,29
C022,29
B519,29
E638,29
T206,29
N043,29
Z640,29
H921,29
H170,29
M990,29
H958,29
G032,29
T795,29
Z722,29
T388,29
Z913,29
G622,29
G522,29
S151,29
P781,29
Z876,29
N003,29
F155,29
H430,29
E122,29
B850,29
Q516,29
S443,29
Z896,29
A420,29
G371,29
F528,29
F514,29
P743,29
P023,29
F151,29
Z759,29
C101,29
S949,29
N023,29
M880,28
D297,28
I079,28
C701,28
S659,28
R064,28
A515,28
S376,28
I281,28
T982,28
I379,28
M812,28
T282,28
T493,28
P714,28
O924,28
M124,28
K022,28
E778,28
C468,28
Q664,28
T884,28
B459,28
F730,28
O067,28
I020,28
P581,28
L568,28
I369,28
P043,28
P129,28
B160,27
T954,27
Z743,27
H932,27
P729,27
T495,27
O043,27
L235,27
Z091,27
T408,27
Q101,27
I492,27
H444,27
T474,27
S377,27
P025,27
Z916,27
I090,27
Z634,27
Z304,27
L404,27
S091,27
M814,27
M103,27
R454,27
Q243,27
M912,27
H151,27
H355,27
O082,27
M413,27
L578,27
K763,27
T374,27
K033,26
S153,26
S158,26
L449,26
P911,26
N057,26
L104,26
F443,26
R411,26
M152,26
Z119,26
Z251,26
O920,26
T217,26
F539,26
K434,26
J682,26
D530,26
M955,26
H504,26
B457,26
T870,26
M001,26
S580,26
C390,26
A548,26
Q842,26
Z967,26
Z131,26
B431,26
Z765,26
G239,26
O94X,26
R440,26
S345,26
Z939,26
E228,26
T058,26
E560,26
K054,26
H590,26
N025,26
T652,26
S111,26
S046,26
Z811,26
Q938,26
A012,26
P60X,26
E270,26
G230,26
T914,26
T883,26
A55X,26
B161,25
S044,25
D314,25
I512,25
D630,25
K765,25
Q640,25
S089,25
I068,25
M182,25
S757,25
Z859,25
Q544,25
T579,25
R799,25
Q058,25
S762,25
R450,25
B358,25
P519,25
O308,25
C474,25
T522,25
F512,25
L748,25
S159,25
S107,25
M991,25
Q272,25
P133,25
M084,25
Q510,25
H904,25
G574,25
D307,25
G546,25
Q716,25
B580,25
L662,25
J178,25
S146,24
T034,24
B551,24
H906,24
S344,24
Q440,24
J953,24
L558,24
A011,24
E071,24
M963,24
C862,24
T475,24
C694,24
S852,24
L281,24
G251,24
Z118,24
O103,24
R945,24
P233,24
P140,24
S078,24
F984,24
S452,24
F170,24
P132,24
S252,24
Q832,24
F932,24
F843,24
Q840,24
L708,24
R652,24
B372,24
R938,24
L817,24
R203,24
K005,24
N045,24
N012,24
A269,23
S357,23
H722,23
M104,23
H477,23
Z460,23
Q159,23
F788,23
S246,23
K713,23
B261,23
D749,23
O716,23
M083,23
B458,23
T863,23
Z507,23
F54X,23
N005,23
S048,23
Q050,23
H959,23
L278,23
T414,23
D732,23
Z936,23
D893,23
B481,23
Q672,23
S145,23
H530,23
J920,23
Q265,23
M022,23
P020,23
P744,23
D191,23
C110,23
D601,23
C006,23
P546,23
B448,23
J638,23
H494,23
K144,23
C933,22
S436,22
M308,22
Z362,22
E702,22
T364,22
K742,22
A09X,22
E728,22
T463,22
H533,22
O087,22
S157,22
S457,22
F135,22
J677,22
N068,22
K762,22
T910,22
S348,22
Z591,22
S842,22
N004,22
E672,22
D354,22
S274,22
Z889,22
C003,22
R448,22
M400,22
E229,22
R250,22
A053,22
N072,22
R827,22
D021,22
R72X,22
H218,22
E124,22
T791,22
N035,22
C471,22
T265,22
P268,22
T384,22
E001,22
T494,22
S382,22
I092,22
F628,22
B217,22
R823,22
J302,22
E290,22
Q011,21
Q229,21
S780,21
Z521,21
R488,21
T348,21
E568,21
D681,21
H546,21
H300,21
L290,21
B172,21
Z867,21
R231,21
Z969,21
Z877,21
Q821,21
E032,21
P242,21
C887,21
T245,21
E771,21
F513,21
S849,21
P501,21
C463,21
Z904,21
Z754,21
J704,21
R12X,21
Q107,21
E738,21
S772,21
T919,21
Q239,21
L139,21
Q778,21
B368,21
N071,21
O898,21
F156,21
T030,21
E640,21
Z013,21
F980,21
A519,21
T934,21
T805,20
A185,20
Z881,20
T365,20
J668,20
Z962,20
C041,20
Z500,20
J203,20
B344,20
F147,20
Z905,20
T445,20
T367,20
T444,20
J951,20
L80X,20
E248,20
O290,20
R412,20
M110,20
N024,20
C005,20
H800,20
L503,20
M838,20
Q053,20
R194,20
L902,20
R200,20
A065,20
E319,20
F153,20
A851,20
Z926,20
P103,20
B672,20
S480,20
C473,20
Q183,20
P585,20
A985,20
O746,20
N078,20
T226,20
Z858,19
Q776,19
F118,19
A546,19
N053,19
Z040,19
T411,19
P017,19
R944,19
E163,19
B676,19
D030,19
L985,19
P012,19
M610,19
T596,19
D810,19
D863,19
A819,19
N017,19
H911,19
J952,19
Q064,19
E649,19
Z633,19
L200,19
Q914,19
G231,19
G722,19
T733,19
S253,19
B89X,19
T541,19
D720,19
L700,19
H011,19
Z012,19
K133,19
L253,19
K715,19
T97X,19
C476,19
H832,19
M312,19
L438,19
E801,19
T654,19
K282,19
P940,19
K030,19
S507,19
H801,18
T561,18
G701,18
D465,18
R942,18
O356,18
L552,18
E700,18
Q403,18
Z960,18
F781,18
E259,18
T480,18
H473,18
S557,18
H743,18
S254,18
R821,18
T704,18
L258,18
R498,18
Z200,18
Q752,18
K287,18
S281,18
U049,18
R908,18
D811,18
C571,18
E519,18
Z046,18
N054,18
P544,18
I233,18
C825,18
B80X,18
E709,18
L245,18
M601,18
Z871,18
Z731,18
J430,18
M120,18
F127,18
Z851,18
S940,18
G523,17
T321,17
H319,17
M111,17
A89X,17
E768,17
E750,17
T871,17
F844,17
T656,17
Q056,17
Q130,17
M357,17
F668,17
C008,17
T382,17
K007,17
O302,17
Z888,17
O267,17
Z715,17
T284,17
Z616,17
C052,17
C752,17
R900,17
T346,17
T564,17
T457,17
B263,17
Z620,17
B941,17
L233,17
L506,17
E800,17
Z903,17
N046,17
M184,17
Q963,17
M403,17
G254,17
I072,17
Z864,17
Z880,17
N150,17
Q134,17
O888,17
R193,17
E730,17
T498,17
M612,17
B080,17
L718,17
S034,17
F009,17
Z742,17
K036,16
T307,16
J634,16
Z833,16
S449,16
S230,16
N044,16
G721,16
Z824,16
Q266,16
Q141,16
L231,16
N953,16
G041,16
T691,16
Z856,16
Q785,16
Z603,16
A270,16
F173,16
Z269,16
H680,16
P353,16
C758,16
L853,16
Z920,16
Z371,16
L83X,16
T611,16
T410,16
F940,16
Q062,16
P121,16
S752,16
E783,16
L110,16
T619,16
D528,16
T872,16
M714,16
P139,16
N983,16
C452,16
F523,16
Z924,16
Q241,16
P122,16
H742,16
F181,16
S654,16
O893,16
A690,16
L906,16
M073,16
T484,16
Q779,16
Z886,16
H541,16
Q051,16
E318,16
Q163,15
T523,15
Z374,15
A328,15
T394,15
Q845,15
B007,15
T262,15
E791,15
Z575,15
O748,15
R788,15
E201,15
P570,15
M923,15
F633,15
D748,15
R462,15
S652,15
D466,15
H518,15
E617,15
A78X,15
B853,15
E345,15
R769,15
S653,15
Z363,15
P101,15
T215,15
B575,15
M896,15
P036,15
T499,15
Z750,15
T536,15
Z938,15
T592,15
E721,15
K032,15
S448,15
C212,15
Q274,15
A068,15
H525,15
K043,15
A171,15
T205,15
Q939,15
Z735,15
O354,15
T287,15
L981,15
P260,14
B399,14
I234,14
P108,14
T040,14
L589,14
L255,14
O740,14
R879,14
E701,14
Z574,14
T385,14
H510,14
A070,14
P013,14
P370,14
G214,14
Z855,14
J703,14
Q138,14
R897,14
F800,14
Q810,14
E52X,14
Q808,14
E062,14
H164,14
N853,14
L562,14
E009,14
C861,14
T441,14
T379,14
Z268,14
T537,14
R468,14
L631,14
L743,14
H211,14
P526,14
Z643,14
L432,14
K731,14
G464,14
L852,14
C863,14
Z857,13
Z610,13
C722,13
A673,13
T790,13
M614,13
F134,13
M688,13
D357,13
Z625,13
D578,13
Q340,13
F951,13
Z713,13
C088,13
E233,13
J660,13
T446,13
Z384,13
P560,13
R701,13
Q123,13
Q500,13
N037,13
P584,13
O079,13
L921,13
C478,13
P042,13
F780,13
M021,13
Q775,13
Q950,13
I362,13
Z925,13
N279,13
L410,13
S453,13
H542,13
O925,13
L444,13
Q930,13
Q731,13
A759,13
Z611,13
B069,13
Z441,13
K037,13
T507,13
M613,13
Z202,13
G212,13
B356,13
L750,13
Z100,13
L580,13
Z232,13
O742,13
D730,13
T387,13
H702,13
Z803,13
T345,13
T456,13
H545,13
F621,13
H519,13
K146,13
H951,13
E770,13
F660,13
O895,13
S543,13
Z949,13
B059,12
Q261,12
Z585,12
R748,12
B908,12
P270,12
T236,12
P102,12
T560,12
S170,12
H159,12
L248,12
B509,12
C112,12
T453,12
D816,12
L810,12
C754,12
T051,12
B830,12
T448,12
T743,12
N027,12
T373,12
R290,12
T289,12
O905,12
N070,12
K286,12
P119,12
F950,12
T731,12
Q131,12
Q824,12
B392,12
G14X,12
Z004,12
H360,12
O741,12
S747,12
L531,12
M816,12
M813,12
T699,12
L850,12
Q132,12
Q604,12
T349,12
B571,12
E054,12
R442,12
C864,12
G601,12
Z015,12
C173,12
T366,12
S748,12
Q515,12
C681,12
M142,12
I368,12
Q164,12
O923,11
P153,11
R768,11
Q560,11
L758,11
T322,11
C691,11
T803,11
R838,11
A520,11
O883,11
B460,11
O670,11
Z614,11
Z724,11
E40X,11
B675,11
L230,11
R852,11
P109,11
E500,11
Q927,11
B387,11
T491,11
P154,11
D642,11
E891,11
I271,11
B300,11
H406,11
Z800,11
F669,11
Z848,11
Q800,11
T64X,11
B779,11
C573,11
A441,11
G242,11
S947,11
F071,11
Z316,11
E731,11
L533,11
K903,11
L701,11
F620,11
Z637,11
S951,11
B332,11
D568,11
T472,11
K003,11
P836,11
M020,11
S959,11
M302,11
Q055,11
L232,11
R067,11
L658,11
F168,11
Z632,11
A753,11
E164,11
J632,11
K024,11
I012,11
Z383,11
Q711,11
T031,11
Q721,11
H511,11
Q921,11
C512,11
S179,11
Z818,11
T473,11
B262,11
S848,11
L688,11
B450,11
D552,11
L741,10
Z093,10
T277,10
L664,10
H543,10
B698,10
O282,10
Z442,10
Q862,10
F524,10
E344,10
S657,10
Q517,10
F908,10
Q991,10
H354,10
C826,10
L138,10
J170,10
G514,10
J635,10
E54X,10
Q804,10
B352,10
R293,10
B470,10
S133,10
R292,10
R785,10
D356,10
O695,10
T440,10
A57X,10
O291,10
H171,10
S742,10
Z804,10
A260,10
O040,10
F158,10
O041,10
B308,10
D813,10
B882,10
Z887,10
D558,10
E742,10
F810,10
Q601,10
Z898,10
O310,10
Q922,10
L689,10
F642,10
G375,10
L661,10
Q984,10
S346,10
H446,10
Z464,10
N007,10
Z225,10
R822,10
C131,10
C113,10
A511,10
H263,10
L101,10
C091,10
R99X,10
H82X,10
B902,9
T540,9
O926,9
Q186,9
M965,9
M803,9
Q811,9
P016,9
R482,9
M851,9
E258,9
S943,9
L879,9
H474,9
Z972,9
E896,9
O632,9
T268,9
T573,9
N034,9
Z027,9
M801,9
Q387,9
T690,9
B810,9
N011,9
T305,9
P500,9
T521,9
M405,9
A505,9
C883,9
Z566,9
Z810,9
S245,9
Q104,9
R491,9
P128,9
L411,9
A888,9
G374,9
A221,9
Q723,9
Q771,9
T570,9
E642,9
B180,9
T225,9
A391,9
R960,9
H310,9
O045,9
E283,9
B529,9
R062,9
R946,9
R296,9
P010,9
J983,9
L412,9
Z113,9
G611,9
Q122,9
N894,9
P720,9
B464,9
N014,9
Z578,9
F985,9
D551,9
N988,9
F818,9
A507,9
L710,9
T535,9
Z205,9
T739,9
F185,9
G468,9
T362,9
L081,9
H910,9
T442,9
F167,9
S257,9
B900,9
E631,9
B901,9
O881,9
R770,9
E744,8
M123,8
M907,8
T512,8
R71X,8
L870,8
N982,8
B518,8
J670,8
M964,8
Z437,8
L648,8
M811,8
Z652,8
A799,8
Q802,8
E708,8
T496,8
A749,8
S042,8
C755,8
E619,8
S941,8
Z736,8
T804,8
I423,8
Q712,8
Z622,8
Z728,8
Q979,8
N016,8
L564,8
N033,8
Z360,8
S447,8
T052,8
B252,8
R831,8
B874,8
C462,8
Q121,8
S374,8
E531,8
L247,8
M962,8
G552,8
S135,8
A512,8
P962,8
Z748,8
R36X,8
P508,8
T386,8
Q129,8
S235,8
Z551,8
Q110,8
Q001,8
E68X,8
J701,8
L581,8
Z579,8
I235,8
L759,8
E511,8
R430,8
N015,8
R778,8
E275,8
E321,8
Z872,8
L251,8
L943,8
C130,8
S047,8
Z112,8
P235,8
P152,8
Q615,8
Z854,8
T053,8
R031,8
M102,8
D313,8
F515,8
Z873,8
Q139,8
L740,8
L111,8
R899,8
R779,8
S950,8
D572,8
P963,8
Z029,8
L234,7
H183,7
T415,7
T235,7
T295,7
L419,7
Q923,7
B508,7
P915,7
R898,7
E648,7
P014,7
R480,7
R762,7
N518,7
F157,7
S444,7
P030,7
E618,7
R840,7
L291,7
B880,7
H301,7
T591,7
J998,7
D638,7
N771,7
M830,7
T306,7
Q931,7
A988,7
P115,7
T531,7
Z615,7
L448,7
D581,7
Q060,7
L630,7
T800,7
K931,7
P123,7
Z612,7
E261,7
T651,7
A438,7
A233,7
P150,7
Q113,7
E899,7
S375,7
F116,7
F136,7
S958,7
A393,7
T339,7
B689,7
O295,7
E053,7
L590,7
R196,7
E798,7
F124,7
F738,7
R830,7
E243,7
L413,7
B360,7
Q624,7
Z229,7
A063,7
Z825,7
E308,7
N271,7
N056,7
A692,7
Z560,7
Z870,7
J671,7
T372,7
T355,7
Q063,7
Z914,7
A000,7
A278,7
T342,7
B487,7
Q783,7
H913,7
Z314,7
E244,6
L293,6
P745,6
M404,6
L560,6
O284,6
T274,6
L605,6
N370,6
A067,6
M342,6
Z101,6
F641,6
R682,6
G465,6
B303,6
T750,6
L871,6
T903,6
A431,6
D822,6
T679,6
N913,6
T678,6
B394,6
G256,6
L904,6
Z114,6
Z631,6
T618,6
S383,6
F164,6
L650,6
E561,6
N748,6
P024,6
B447,6
I983,6
F146,6
P232,6
K714,6
E895,6
Q770,6
T698,6
A187,6
Q722,6
A938,6
A227,6
G213,6
R789,6
P155,6
A545,6
B471,6
G530,6
T255,6
Q041,6
G602,6
O744,6
T050,6
B430,6
L442,6
A422,6
Q555,6
J630,6
R839,6
T631,6
R81X,6
Z365,6
D815,6
Z802,6
R780,6
S336,6
F154,6
L722,6
G547,6
Z882,6
S18X,6
T341,6
T530,6
N989,6
R850,6
R191,6
Z891,6
H930,6
Z223,6
Q133,6
B058,6
F986,6
K142,6
L402,6
D521,5
P104,5
Z809,5
L430,5
T044,5
L240,5
T655,5
Q140,5
P578,5
Z943,5
Z874,5
F001,5
Z636,5
E033,5
A563,5
T708,5
P504,5
R261,5
F527,5
L742,5
P234,5
E712,5
Z650,5
I688,5
L872,5
L903,5
A073,5
H475,5
Z990,5
N063,5
D358,5
T276,5
E530,5
L680,5
H678,5
L502,5
N061,5
S178,5
M833,5
P253,5
Z863,5
D840,5
T288,5
N338,5
Q710,5
B581,5
P149,5
D312,5
Q755,5
T389,5
H907,5
Q312,5
A670,5
B942,5
E123,5
Z573,5
Z805,5
R936,5
C142,5
R874,5
J673,5
A009,5
K034,5
E832,5
B390,5
B439,5
M121,5
N510,5
N013,5
Q165,5
S144,5
K901,5
M490,5
A959,5
Z644,5
Z228,5
B888,5
R858,5
Z998,5
L418,5
T621,5
G051,5
Z618,5
A928,5
Z593,5
M835,5
F538,5
A268,5
T753,5
Q720,5
R849,5
B669,5
A320,5
G058,5
E630,5
Z841,5
Q128,5
F175,5
Z832,5
O296,5
L901,5
E803,5
O085,5
O891,5
Z729,5
Q849,5
S445,4
R869,4
E60X,4
P141,4
P762,4
L441,4
K678,4
Z946,4
A242,4
T632,4
B375,4
F117,4
R782,4
E851,4
B770,4
L571,4
Z709,4
A439,4
A259,4
E641,4
B463,4
T533,4
Z221,4
M090,4
B872,4
P114,4
R868,4
L561,4
Z258,4
Z892,4
A91X,4
Z461,4
N228,4
A666,4
H588,4
T351,4
P142,4
R937,4
Z732,4
Q149,4
Z908,4
B538,4
D573,4
Z581,4
B409,4
P033,4
K870,4
P830,4
Z588,4
Z315,4
D532,4
G590,4
Z375,4
T329,4
A99X,4
P045,4
A920,4
Q932,4
Q925,4
Z971,4
F028,4
G904,4
Q148,4
G990,4
E000,4
S243,4
T701,4
A740,4
T343,4
Z619,4
G467,4
Z594,4
L242,4
R877,4
H180,4
Z717,4
T333,4
E231,4
N298,4
C943,4
B552,4
E612,4
G992,4
D563,4
Z808,4
F983,4
K770,4
H202,4
A228,4
L252,4
Z506,4
Q801,4
B468,4
G512,4
L414,4
G733,4
A70X,4
O293,4
Z953,4
Q645,4
B574,4
E508,4
S952,4
O298,4
N073,4
N980,4
A564,4
B658,4
Z738,4
L998,4
G020,4
H311,4
C937,4
R892,4
T497,4
E673,4
N378,4
A032,4
H535,4
R431,4
R093,4
T347,4
Z642,4
O743,4
A280,4
Z897,4
M908,4
F933,4
R824,3
E852,3
T353,3
A778,3
A881,3
T565,3
F174,3
R452,3
Z822,3
Z635,3
A054,3
Q920,3
H312,3
R432,3
N067,3
Z617,3
H690,3
Z288,3
R700,3
A222,3
E779,3
A427,3
R934,3
A289,3
Z440,3
E064,3
E341,3
E241,3
E615,3
Z814,3
P148,3
Z279,3
L122,3
Z902,3
Z559,3
B650,3
B393,3
E799,3
Z231,3
P151,3
Z280,3
F186,3
E501,3
Z021,3
G942,3
Z220,3
Z224,3
G632,3
L433,3
R820,3
B873,3
R826,3
A395,3
O070,3
K238,3
Q561,3
E342,3
B384,3
M905,3
R192,3
A669,3
Z102,3
E613,3
Z552,3
T593,3
L951,3
R851,3
F178,3
Q990,3
G998,3
Z241,3
E300,3
N914,3
F504,3
A506,3
R947,3
Q958,3
N036,3
P110,3
L532,3
O052,3
N143,3
T275,3
B691,3
G22X,3
F631,3
D512,3
H212,3
P965,3
B760,3
M495,3
Q989,3
R760,3
T357,3
L250,3
K930,3
Z570,3
Q968,3
F166,3
A186,3
B851,3
Z710,3
M355,3
T532,3
J674,3
R860,3
Q973,3
L105,3
K141,3
R835,3
G361,3
E518,3
Z002,3
E311,3
L678,3
Z203,3
R466,3
O896,3
L813,3
T332,3
T354,3
N060,3
B480,3
H628,3
Q162,3
R749,3
B820,3
Z273,3
I438,3
F176,3
G232,3
Q861,3
G941,3
Z278,3
Z024,3
N291,3
S847,3
G937,3
T340,3
A748,3
R012,3
S043,3
Q562,3
B559,3
E503,3
G520,3
E741,3
L210,3
L254,3
S957,3
B854,3
I798,3
T267,3
A818,3
L987,3
R870,3
M498,3
Q335,3
Z654,3
R861,2
A852,2
P713,2
N085,2
R781,2
A369,2
B748,2
L812,2
T350,2
B583,2
A979,2
A230,2
P518,2
M834,2
B677,2
F813,2
D817,2
L660,2
A972,2
Z207,2
R896,2
T323,2
D740,2
R828,2
N077,2
I982,2
Z274,2
T344,2
Z827,2
R862,2
H060,2
Z963,2
Z613,2
M831,2
B402,2
Q955,2
Z726,2
P917,2
L548,2
Z562,2
B818,2
F184,2
B601,2
Z584,2
Z233,2
T337,2
Z373,2
N075,2
L241,2
T468,2
O046,2
A65X,2
A671,2
P373,2
L682,2
Q971,2
L744,2
G052,2
P156,2
B330,2
R941,2
Z596,2
G598,2
I411,2
Z801,2
E502,2
E90X,2
A288,2
Z993,2
Q450,2
B418,2
A922,2
Z271,2
I394,2
Q964,2
Q844,2
R460,2
F654,2
T334,2
F022,2
Z964,2
P350,2
K871,2
T338,2
M900,2
R453,2
R856,2
A598,2
Z240,2
B528,2
A663,2
H505,2
G638,2
L573,2
A929,2
Q951,2
I528,2
A503,2
G463,2
O057,2
Z852,2
L305,2
R871,2
Z741,2
Z226,2
Z837,2
Z702,2
M146,2
L604,2
Q135,2
G233,2
B680,2
B811,2
L103,2
L944,2
R848,2
B789,2
Z522,2
T336,2
Q978,2
L118,2
I328,2
B469,2
N065,2
A309,2
Z708,2
Q952,2
G948,2
I988,2
Z723,2
L815,2
B813,2
A219,2
M680,2
Q980,2
R872,2
C882,2
B530,2
Z023,2
L443,2
B665,2
Z883,2
A360,2
E894,2
P510,2
L563,2
B462,2
Z820,2
Z831,2
D814,2
F177,2
E42X,2
T610,2
Z605,2
E281,2
Z923,2
Z238,2
N778,2
L569,2
L671,2
I520,2
Z563,2
P046,2
Z235,2
E610,2
B780,2
O078,2
F137,2
T352,2
A672,2
Q972,2
I393,2
E002,2
J662,2
Z712,2
N006,2
G835,2
H476,2
P503,2
J171,2
A811,2
A779,2
L702,2
M098,2
L811,2
G050,1
B812,1
M730,1
A282,1
B740,1
H131,1
B608,1
A244,1
P505,1
D562,1
B569,1
T732,1
N165,1
I432,1
Q143,1
B060,1
B401,1
F188,1
L679,1
B718,1
A34X,1
B652,1
K350,1
A305,1
B429,1
B838,1
Q981,1
T635,1
A660,1
Z242,1
B427,1
B839,1
Z624,1
D560,1
Z970,1
R787,1
J672,1
R855,1
G732,1
P95X,1
T326,1
H062,1
B483,1
I398,1
Q937,1
B391,1
H622,1
R854,1
F526,1
L572,1
Z103,1
E350,1
Z554,1
Z583,1
R895,1
Q730,1
L751,1
E505,1
Z237,1
B380,1
B653,1
F658,1
Z561,1
A231,1
D77X,1
Z564,1
R461,1
G538,1
F652,1
Z388,1
R891,1
Z906,1
G320,1
N162,1
Q961,1
Z701,1
A304,1
L504,1
Z703,1
R834,1
B381,1
O074,1
M821,1
G636,1
B940,1
G737,1
L119,1
L731,1
D564,1
H220,1
B389,1
Z830,1
T595,1
Z505,1
L244,1
Z571,1
Q988,1
L705,1
Z020,1
R878,1
J676,1
B64X,1
Z553,1
B395,1
L243,1
G01X,1
N163,1
G633,1
L640,1
F661,1
B831,1
A829,1
A482,1
B832,1
L878,1
Q970,1
A719,1
M630,1
M738,1
B452,1
Q926,1
Q985,1
Z289,1
R950,1
Z376,1
G635,1
Z994,1
T676,1
C572,1
A770,1
A752,1
Z884,1
A839,1
Z828,1
T673,1
T677,1
Z204,1
Z821,1
Q936,1
F662,1
Q954,1
Q987,1
R56X,1
R481,1
T330,1
I682,1
A961,1
R761,1
B362,1
Z734,1
H228,1
Q563,1
Z385,1
Z565,1
R866,1
Z022,1
Z655,1
B421,1
I320,1
B778,1
R863,1
J173,1
Q962,1
T675,1
B068,1
L703,1
N066,1
F126,1
N083,1
A821,1
L632,1
Z580,1
A699,1
N080,1
Z592,1
D553,1
J661,1
A668,1
F632,1
Z893,1
A013,1
M148,1
B361,1
B419,1
M075,1
A267,1
Z716,1
R836,1
H282,1
H368,1
A698,1
R95X,1
G466,1
M492,1
G558,1
A217,1
Z840,1
A94X,1
R465,1
H450,1
A662,1
B769,1
T328,1
K938,1
Z626,1
R784,1
L683,1
A836,1
G731,1
Q959,1
O747,1
B442,1
B659,1
Q841,1
A848,1
F021,1
A790,1
J990,1
I981,1
F023,1
F187,1
P124,1
L246,1
B749,1
Q843,1
A680,1
R959,1
M018,1
R843,1
B602,1
M013,1
J991,1
T566,1
Z387,1
Q924,1
G328,1
L704,1
E280,1
Z577,1
I680,1
Z861,1
B355,1
L816,1
I410,1
Z250,1
B520,1
P374,1
